UDI,Product ID,Type,Air temperature [K],Process temperature [K],Rotational speed [rpm],Torque [Nm],Tool wear [min],Machine failure,TWF,HDF,PWF,OSF,RNF
1,M14860,M,298.1,308.6,1551,42.8,0,0,0,0,0,0,0
2,L47181,L,298.2,308.7,1408,46.3,3,0,0,0,0,0,0
3,L47182,L,298.1,308.5,1498,49.4,5,0,0,0,0,0,0
4,L47183,L,298.2,308.6,1433,39.5,7,0,0,0,0,0,0
5,L47184,L,298.2,308.7,1408,40.0,9,0,0,0,0,0,0
6,M14865,M,298.1,308.6,1425,41.9,11,0,0,0,0,0,0
7,L47186,L,298.1,308.6,1558,42.4,14,0,0,0,0,0,0
8,L47187,L,298.1,308.6,1527,40.2,16,0,0,0,0,0,0
9,M14868,M,298.3,308.7,1667,28.6,18,0,0,0,0,0,0
10,M14869,M,298.5,309,1741,28.0,21,0,0,0,0,0,0
11,H29424,H,298.4,308.9,1782,23.9,24,0,0,0,0,0,0
12,H29425,H,298.6,309.1,1423,44.3,29,0,0,0,0,0,0
13,M14872,M,298.6,309.1,1339,51.1,34,0,0,0,0,0,0
14,M14873,M,298.6,309.2,1742,30.0,37,0,0,0,0,0,0
15,L47194,L,298.6,309.2,2035,19.6,40,0,0,0,0,0,0
16,L47195,L,298.6,309.2,1542,48.4,42,0,0,0,0,0,0
17,M14876,M,298.6,309.2,1311,46.6,44,0,0,0,0,0,0
18,M14877,M,298.7,309.2,1410,45.6,47,0,0,0,0,0,0
19,H29432,H,298.8,309.2,1306,54.5,50,0,0,0,0,0,0
20,M14879,M,298.9,309.3,1632,32.5,55,0,0,0,0,0,0
21,H29434,H,298.9,309.3,1375,42.7,58,0,0,0,0,0,0
22,L47201,L,298.8,309.3,1450,44.8,63,0,0,0,0,0,0
23,M14882,M,298.9,309.3,1581,30.7,65,0,0,0,0,0,0
24,L47203,L,299.0,309.4,1758,25.7,68,0,0,0,0,0,0
25,M14884,M,299.0,309.4,1561,37.3,70,0,0,0,0,0,0
26,L47205,L,299.0,309.5,1861,23.3,73,0,0,0,0,0,0
27,L47206,L,299.1,309.5,1512,39.0,75,0,0,0,0,0,0
28,H29441,H,299.1,309.4,1811,24.6,77,0,0,0,0,0,0
29,L47208,L,299.1,309.4,1439,44.2,82,0,0,0,0,0,0
30,L47209,L,299.0,309.4,1693,30.1,84,0,0,0,0,0,0
31,M14890,M,299.1,309.5,1339,48.2,86,0,0,0,0,0,0
32,L47211,L,299.0,309.4,1798,25.5,89,0,0,0,0,0,0
33,L47212,L,299.0,309.4,1419,48.3,91,0,0,0,0,0,0
34,L47213,L,298.9,309.3,1665,32.5,93,0,0,0,0,0,0
35,M14894,M,298.8,309.1,1559,34.7,95,0,0,0,0,0,0
36,M14895,M,298.8,309.2,1452,48.6,98,0,0,0,0,0,0
37,M14896,M,298.9,309.2,1581,36.7,101,0,0,0,0,0,0
38,L47217,L,298.8,309.1,1439,39.2,104,0,0,0,0,0,0
39,H29452,H,298.9,309.2,1379,50.7,106,0,0,0,0,0,0
40,L47219,L,298.8,309.1,1350,52.5,111,0,0,0,0,0,0
41,L47220,L,298.8,309.1,1362,45.4,113,0,0,0,0,0,0
42,L47221,L,298.8,309.1,1368,50.8,115,0,0,0,0,0,0
43,M14902,M,298.8,309.1,1368,49.1,117,0,0,0,0,0,0
44,H29457,H,298.8,309.2,1372,48.5,120,0,0,0,0,0,0
45,M14904,M,298.8,309.1,1472,47.5,125,0,0,0,0,0,0
46,L47225,L,298.8,309.1,1489,49.1,128,0,0,0,0,0,0
47,M14906,M,298.7,309,1843,25.8,130,0,0,0,0,0,0
48,L47227,L,298.8,309.1,1418,46.3,133,0,0,0,0,0,0
49,H29462,H,298.8,309.2,1425,53.9,135,0,0,0,0,0,0
50,M14909,M,298.9,309.2,1412,44.1,140,0,0,0,0,0,0
51,L47230,L,298.9,309.1,2861,4.6,143,1,0,0,1,0,0
52,L47231,L,298.9,309.1,1383,54.9,145,0,0,0,0,0,0
53,H29466,H,298.8,309,1497,43.8,147,0,0,0,0,0,0
54,L47233,L,298.7,309,1565,35.1,152,0,0,0,0,0,0
55,L47234,L,298.7,309,1691,30.1,154,0,0,0,0,0,0
56,L47235,L,298.8,309.1,1512,40.7,156,0,0,0,0,0,0
57,L47236,L,298.8,309.1,1477,42.4,158,0,0,0,0,0,0
58,L47237,L,298.8,309.1,1513,40.3,160,0,0,0,0,0,0
59,M14918,M,298.8,309,1661,29.5,162,0,0,0,0,0,0
60,L47239,L,298.8,309.1,1378,54.4,165,0,0,0,0,0,0
61,L47240,L,298.8,309.1,1393,52.6,167,0,0,0,0,0,0
62,M14921,M,298.8,309,1592,38.2,169,0,0,0,0,0,0
63,L47242,L,298.8,309,1829,22.9,172,0,0,0,0,0,0
64,M14923,M,298.9,309,1812,25.9,174,0,0,0,0,0,0
65,L47244,L,299.0,309.1,1523,38.6,177,0,0,0,0,0,0
66,L47245,L,299.0,309.1,1394,45.1,179,0,0,0,0,0,0
67,M14926,M,298.9,308.9,1679,28.7,181,0,0,0,0,0,0
68,H29481,H,298.8,308.9,1466,44.1,184,0,0,0,0,0,0
69,L47248,L,298.8,308.9,1527,32.4,189,0,0,0,0,0,0
70,L47249,L,298.9,309,1410,65.7,191,1,0,0,1,1,0
71,M14930,M,298.9,309,1924,22.6,193,0,0,0,0,0,0
72,L47251,L,298.9,309.1,1452,45.5,196,0,0,0,0,0,0
73,L47252,L,298.9,309.1,1369,44.4,198,0,0,0,0,0,0
74,L47253,L,299.0,309.1,1592,35.0,200,0,0,0,0,0,0
75,L47254,L,298.9,309,1601,32.3,202,0,0,0,0,0,0
76,L47255,L,298.8,308.9,1379,46.7,204,0,0,0,0,0,0
77,L47256,L,298.8,308.9,1461,47.9,206,0,0,0,0,0,0
78,L47257,L,298.8,308.9,1455,41.3,208,1,1,0,0,0,0
79,L47258,L,298.8,308.9,1398,51.5,0,0,0,0,0,0,0
80,L47259,L,298.8,308.9,1402,37.9,2,0,0,0,0,0,0
81,H29494,H,298.8,308.8,1445,49.9,4,0,0,0,0,0,0
82,L47261,L,298.9,308.9,1450,47.5,9,0,0,0,0,0,0
83,L47262,L,298.9,308.9,1453,40.8,11,0,0,0,0,0,0
84,L47263,L,299.0,309,1469,40.1,13,0,0,0,0,0,0
85,L47264,L,298.9,308.9,1422,47.6,15,0,0,0,0,0,0
86,M14945,M,299.0,309,1804,26.8,17,0,0,0,0,0,0
87,H29500,H,299.0,309,1436,43.9,20,0,0,0,0,0,0
88,L47267,L,299.0,309,1544,31.8,25,0,0,0,0,0,0
89,M14948,M,299.0,309,1419,45.2,27,0,0,0,0,0,0
90,M14949,M,298.9,308.9,1487,39.5,30,0,0,0,0,0,0
91,L47270,L,298.9,308.9,1753,25.8,33,0,0,0,0,0,0
92,L47271,L,298.9,308.9,1830,24.9,35,0,0,0,0,0,0
93,M14952,M,298.9,308.9,1727,27.1,37,0,0,0,0,0,0
94,L47273,L,299.1,309,1450,43.0,40,0,0,0,0,0,0
95,L47274,L,299.0,308.9,1622,31.9,42,0,0,0,0,0,0
96,M14955,M,299.0,309,1351,52.2,44,0,0,0,0,0,0
97,M14956,M,299.0,309,1575,35.3,47,0,0,0,0,0,0
98,M14957,M,298.9,308.9,1750,29.9,50,0,0,0,0,0,0
99,L47278,L,298.9,308.8,1529,32.7,53,0,0,0,0,0,0
100,L47279,L,298.8,308.8,1523,44.4,55,0,0,0,0,0,0
101,L47280,L,298.8,308.9,1852,25.0,57,0,0,0,0,0,0
102,L47281,L,298.8,308.8,1991,20.7,59,0,0,0,0,0,0
103,L47282,L,298.8,308.8,1555,40.6,61,0,0,0,0,0,0
104,M14963,M,298.8,308.8,1441,40.5,63,0,0,0,0,0,0
105,L47284,L,298.8,308.7,1450,43.4,66,0,0,0,0,0,0
106,L47285,L,298.8,308.7,1591,31.1,68,0,0,0,0,0,0
107,L47286,L,298.8,308.7,1445,48.5,70,0,0,0,0,0,0
108,M14967,M,298.8,308.8,1497,46.8,72,0,0,0,0,0,0
109,H29522,H,298.9,308.8,1621,32.7,75,0,0,0,0,0,0
110,L47289,L,298.9,308.7,1572,34.1,80,0,0,0,0,0,0
111,L47290,L,298.8,308.6,1872,22.5,82,0,0,0,0,0,0
112,H29525,H,298.7,308.6,1499,43.5,84,0,0,0,0,0,0
113,M14972,M,298.8,308.7,1498,39.5,89,0,0,0,0,0,0
114,M14973,M,298.8,308.6,1486,41.9,92,0,0,0,0,0,0
115,L47294,L,298.8,308.6,1680,29.4,95,0,0,0,0,0,0
116,L47295,L,298.8,308.6,1431,45.7,97,0,0,0,0,0,0
117,L47296,L,298.9,308.7,1564,34.1,99,0,0,0,0,0,0
118,L47297,L,298.8,308.6,1599,33.0,101,0,0,0,0,0,0
119,M14978,M,298.8,308.6,1707,28.1,103,0,0,0,0,0,0
120,L47299,L,298.7,308.5,1467,40.7,106,0,0,0,0,0,0
121,L47300,L,298.9,308.7,1433,44.7,108,0,0,0,0,0,0
122,L47301,L,298.9,308.7,1558,41.2,110,0,0,0,0,0,0
123,L47302,L,299.0,308.8,1310,50.7,112,0,0,0,0,0,0
124,L47303,L,298.9,308.7,1546,43.4,114,0,0,0,0,0,0
125,L47304,L,298.9,308.7,1727,29.4,116,0,0,0,0,0,0
126,L47305,L,298.9,308.6,1560,32.2,118,0,0,0,0,0,0
127,L47306,L,299.0,308.6,1329,60.5,120,0,0,0,0,0,0
128,L47307,L,298.9,308.6,1413,46.5,122,0,0,0,0,0,0
129,L47308,L,299.0,308.6,1587,38.6,124,0,0,0,0,0,0
130,L47309,L,298.9,308.5,1559,34.3,126,0,0,0,0,0,0
131,L47310,L,298.8,308.4,1473,41.1,128,0,0,0,0,0,0
132,L47311,L,298.8,308.4,1737,27.7,130,0,0,0,0,0,0
133,M14992,M,298.7,308.4,1441,43.2,132,0,0,0,0,0,0
134,M14993,M,298.7,308.4,1430,49.6,135,0,0,0,0,0,0
135,L47314,L,298.8,308.4,1369,53.0,138,0,0,0,0,0,0
136,M14995,M,298.8,308.5,1711,28.5,140,0,0,0,0,0,0
137,H29550,H,298.7,308.5,1420,45.7,143,0,0,0,0,0,0
138,L47317,L,298.7,308.6,1297,55.3,148,0,0,0,0,0,0
139,H29552,H,298.8,308.6,1449,49.4,150,0,0,0,0,0,0
140,L47319,L,298.8,308.6,1268,55.8,155,0,0,0,0,0,0
141,L47320,L,298.8,308.6,1511,36.1,157,0,0,0,0,0,0
142,L47321,L,298.7,308.5,1544,35.2,159,0,0,0,0,0,0
143,M15002,M,298.6,308.4,1778,28.2,161,0,0,0,0,0,0
144,H29557,H,298.6,308.4,1407,50.5,164,0,0,0,0,0,0
145,M15004,M,298.6,308.4,1391,42.4,169,0,0,0,0,0,0
146,L47325,L,298.5,308.4,1513,33.6,172,0,0,0,0,0,0
147,H29560,H,298.5,308.4,1612,36.1,174,0,0,0,0,0,0
148,L47327,L,298.4,308.4,1515,40.1,179,0,0,0,0,0,0
149,M15008,M,298.3,308.3,1379,48.0,181,0,0,0,0,0,0
150,L47329,L,298.4,308.3,1473,39.9,184,0,0,0,0,0,0
151,L47330,L,298.4,308.3,1422,42.7,186,0,0,0,0,0,0
152,M15011,M,298.4,308.2,1463,37.6,188,0,0,0,0,0,0
153,M15012,M,298.4,308.2,1584,41.0,191,0,0,0,0,0,0
154,L47333,L,298.4,308.2,1850,27.0,194,0,0,0,0,0,0
155,L47334,L,298.4,308.2,1528,36.2,196,0,0,0,0,0,0
156,H29569,H,298.4,308.2,1987,19.8,198,0,0,0,0,0,0
157,M15016,M,298.4,308.1,1495,46.0,203,0,0,0,0,0,0
158,H29571,H,298.4,308.2,1478,43.5,206,0,0,0,0,0,0
159,M15018,M,298.4,308.2,1499,40.0,211,0,0,0,0,0,0
160,L47339,L,298.4,308.2,1471,47.0,214,0,0,0,0,0,0
161,L47340,L,298.4,308.2,1282,60.7,216,1,0,0,0,1,0
162,L47341,L,298.3,308.1,1412,52.3,218,1,0,0,0,1,0
163,L47342,L,298.3,308.1,1586,35.5,0,0,0,0,0,0,0
164,M15023,M,298.4,308.2,1468,43.8,2,0,0,0,0,0,0
165,M15024,M,298.5,308.3,1440,43.6,5,0,0,0,0,0,0
166,L47345,L,298.5,308.4,1733,26.0,8,0,0,0,0,0,0
167,H29580,H,298.4,308.2,1612,32.6,10,0,0,0,0,0,0
168,H29581,H,298.4,308.3,1458,42.9,15,0,0,0,0,0,0
169,L47348,L,298.4,308.3,1433,62.3,20,1,0,0,1,0,0
170,L47349,L,298.4,308.3,1318,59.1,22,0,0,0,0,0,0
171,M15030,M,298.4,308.2,1610,35.0,24,0,0,0,0,0,0
172,L47351,L,298.2,308.1,1462,50.8,27,0,0,0,0,0,0
173,M15032,M,298.1,308,1924,20.8,29,0,0,0,0,0,0
174,M15033,M,298.2,308,1591,33.7,32,0,0,0,0,0,0
175,L47354,L,298.2,308.1,1306,58.3,35,0,0,0,0,0,0
176,L47355,L,298.2,308.1,1382,43.5,37,0,0,0,0,0,0
177,L47356,L,298.2,308.1,1618,34.7,39,0,0,0,0,0,0
178,L47357,L,298.2,308.2,1988,21.4,41,0,0,0,0,0,0
179,L47358,L,298.2,308.2,1436,50.2,43,0,0,0,0,0,0
180,L47359,L,298.2,308.3,1304,49.8,45,0,0,0,0,0,0
181,L47360,L,298.2,308.3,1475,49.9,47,0,0,0,0,0,0
182,H29595,H,298.2,308.3,1824,24.2,49,0,0,0,0,0,0
183,M15042,M,298.1,308.2,1342,48.1,54,0,0,0,0,0,0
184,L47363,L,298.1,308.2,1485,40.7,57,0,0,0,0,0,0
185,L47364,L,298.2,308.2,1667,30.6,59,0,0,0,0,0,0
186,L47365,L,298.2,308.2,1446,38.2,61,0,0,0,0,0,0
187,L47366,L,298.1,308.3,1301,56.0,63,0,0,0,0,0,0
188,L47367,L,298.2,308.4,1379,43.1,65,0,0,0,0,0,0
189,L47368,L,298.3,308.5,1606,33.6,67,0,0,0,0,0,0
190,M15049,M,298.3,308.4,1539,43.4,69,0,0,0,0,0,0
191,L47370,L,298.2,308.4,1477,49.9,72,0,0,0,0,0,0
192,L47371,L,298.2,308.4,1666,34.6,74,0,0,0,0,0,0
193,H29606,H,298.2,308.4,1398,51.8,76,0,0,0,0,0,0
194,H29607,H,298.2,308.4,1678,34.6,81,0,0,0,0,0,0
195,M15054,M,298.2,308.5,2678,10.7,86,1,0,0,1,0,0
196,L47375,L,298.3,308.5,1453,42.9,89,0,0,0,0,0,0
197,H29610,H,298.3,308.6,1432,49.5,91,0,0,0,0,0,0
198,M15057,M,298.4,308.6,1527,40.9,96,0,0,0,0,0,0
199,L47378,L,298.4,308.7,1588,35.0,99,0,0,0,0,0,0
200,L47379,L,298.4,308.6,1433,47.1,101,0,0,0,0,0,0
201,L47380,L,298.4,308.6,1609,35.0,103,0,0,0,0,0,0
202,L47381,L,298.3,308.5,1575,41.2,105,0,0,0,0,0,0
203,M15062,M,298.4,308.5,1636,35.7,107,0,0,0,0,0,0
204,L47383,L,298.4,308.5,1490,37.9,110,0,0,0,0,0,0
205,L47384,L,298.4,308.5,1741,32.8,112,0,0,0,0,0,0
206,M15065,M,298.5,308.6,1344,53.0,114,0,0,0,0,0,0
207,L47386,L,298.5,308.7,1609,35.3,117,0,0,0,0,0,0
208,M15067,M,298.4,308.7,1421,60.7,119,1,0,0,1,0,0
209,L47388,L,298.4,308.6,1591,36.7,122,0,0,0,0,0,0
210,L47389,L,298.4,308.6,1477,44.0,124,0,0,0,0,0,0
211,L47390,L,298.4,308.7,1523,36.1,126,0,0,0,0,0,0
212,L47391,L,298.5,308.7,1575,33.9,128,0,0,0,0,0,0
213,H29626,H,298.4,308.7,1344,52.9,130,0,0,0,0,0,0
214,L47393,L,298.4,308.7,1386,44.9,135,0,0,0,0,0,0
215,M15074,M,298.3,308.6,1589,37.1,137,0,0,0,0,0,0
216,L47395,L,298.3,308.6,1548,40.3,140,0,0,0,0,0,0
217,L47396,L,298.3,308.6,1499,38.3,142,0,0,0,0,0,0
218,L47397,L,298.3,308.5,1664,31.6,144,0,0,0,0,0,0
219,L47398,L,298.3,308.6,1447,38.1,146,0,0,0,0,0,0
220,M15079,M,298.3,308.5,1434,46.2,148,0,0,0,0,0,0
221,L47400,L,298.3,308.5,1416,52.7,151,0,0,0,0,0,0
222,H29635,H,298.4,308.5,1827,24.3,153,0,0,0,0,0,0
223,L47402,L,298.4,308.6,1304,45.0,158,0,0,0,0,0,0
224,L47403,L,298.4,308.6,1569,34.4,160,0,0,0,0,0,0
225,L47404,L,298.3,308.6,1584,29.3,162,0,0,0,0,0,0
226,L47405,L,298.3,308.5,1362,53.8,164,0,0,0,0,0,0
227,L47406,L,298.3,308.4,1329,49.2,166,0,0,0,0,0,0
228,L47407,L,298.3,308.5,1539,36.1,168,0,0,0,0,0,0
229,M15088,M,298.3,308.5,1629,37.1,170,0,0,0,0,0,0
230,L47409,L,298.3,308.5,1538,32.2,173,0,0,0,0,0,0
231,L47410,L,298.3,308.6,1570,34.8,175,0,0,0,0,0,0
232,L47411,L,298.3,308.4,1408,43.1,177,0,0,0,0,0,0
233,L47412,L,298.2,308.4,1424,47.6,179,0,0,0,0,0,0
234,L47413,L,298.2,308.4,1512,34.9,181,0,0,0,0,0,0
235,L47414,L,298.2,308.4,1478,42.9,183,0,0,0,0,0,0
236,M15095,M,298.1,308.3,1680,33.7,185,0,0,0,0,0,0
237,L47416,L,298.1,308.3,1495,38.7,188,0,0,0,0,0,0
238,M15097,M,298.0,308.1,1552,36.6,190,0,0,0,0,0,0
239,L47418,L,297.9,308.1,1393,50.3,193,0,0,0,0,0,0
240,L47419,L,298.0,308.2,1611,30.6,195,0,0,0,0,0,0
241,M15100,M,298.0,308.1,1339,51.6,197,0,0,0,0,0,0
242,L47421,L,298.0,308.1,1777,24.3,200,0,0,0,0,0,0
243,L47422,L,298.0,308.2,1348,58.8,202,1,0,0,0,1,0
244,L47423,L,298.0,308.2,1442,44.1,204,0,0,0,0,0,0
245,M15104,M,298.0,308.2,1395,49.1,206,0,0,0,0,0,0
246,M15105,M,297.9,308.1,1627,31.4,209,0,0,0,0,0,0
247,L47426,L,297.9,308.1,1585,33.5,212,0,0,0,0,0,0
248,L47427,L,298.0,308.2,1469,45.5,214,0,0,0,0,0,0
249,L47428,L,298.0,308.3,1362,56.8,216,1,0,0,0,1,0
250,L47429,L,298.0,308.3,1405,56.2,218,1,0,0,0,1,0
251,L47430,L,298.0,308.3,1662,32.7,0,0,0,0,0,0,0
252,M15111,M,298.0,308.2,1466,42.6,2,0,0,0,0,0,0
253,L47432,L,298.0,308.2,1620,35.8,5,0,0,0,0,0,0
254,L47433,L,298.0,308.2,1357,48.2,7,0,0,0,0,0,0
255,L47434,L,298.0,308.2,1514,37.9,9,0,0,0,0,0,0
256,L47435,L,298.0,308.2,1489,40.4,11,0,0,0,0,0,0
257,L47436,L,298.1,308.3,1331,63.0,13,0,0,0,0,0,0
258,L47437,L,298.0,308,1615,29.5,15,0,0,0,0,0,0
259,L47438,L,298.1,308.2,1482,37.9,17,0,0,0,0,0,0
260,M15119,M,298.1,308.2,1420,63.9,19,1,0,0,1,0,0
261,M15120,M,298.2,308.3,1522,49.1,22,0,0,0,0,0,0
262,L47441,L,298.1,308.2,1654,32.1,25,0,0,0,0,0,0
263,M15122,M,298.1,308.2,1736,26.8,27,0,0,0,0,0,0
264,M15123,M,298.0,308.1,1587,32.3,30,0,0,0,0,0,0
265,L47444,L,298.1,308.2,1390,47.5,33,0,0,0,0,0,0
266,L47445,L,298.0,308.1,1454,37.1,35,0,0,0,0,0,0
267,H29680,H,298.0,308.1,1440,43.7,37,0,0,0,0,0,0
268,L47447,L,297.9,308,1954,21.1,42,0,0,0,0,0,0
269,H29682,H,297.9,308,1800,24.8,44,0,0,0,0,0,0
270,L47449,L,298.0,308,1524,37.0,49,0,0,0,0,0,0
271,H29684,H,298.0,308,1520,39.6,51,0,0,0,0,0,0
272,M15131,M,298.1,308.1,1452,40.8,56,0,0,0,0,0,0
273,L47452,L,298.1,308.1,1484,40.4,59,0,0,0,0,0,0
274,L47453,L,298.1,308,1426,46.0,61,0,0,0,0,0,0
275,L47454,L,298.1,308,1652,28.5,63,0,0,0,0,0,0
276,L47455,L,298.0,308,1401,54.7,65,0,0,0,0,0,0
277,M15136,M,298.0,307.9,1750,26.6,67,0,0,0,0,0,0
278,H29691,H,298.0,308,1479,50.7,70,0,0,0,0,0,0
279,M15138,M,298.0,308,1620,29.4,75,0,0,0,0,0,0
280,L47459,L,298.0,308.1,1819,23.4,78,0,0,0,0,0,0
281,M15140,M,298.1,308.1,1456,43.7,80,0,0,0,0,0,0
282,L47461,L,298.1,308,1626,36.5,83,0,0,0,0,0,0
283,M15142,M,298.1,308.1,1390,49.8,85,0,0,0,0,0,0
284,L47463,L,298.2,308.2,1469,43.0,88,0,0,0,0,0,0
285,L47464,L,298.2,308.3,2051,19.2,90,0,0,0,0,0,0
286,L47465,L,298.2,308.3,1568,36.0,92,0,0,0,0,0,0
287,L47466,L,298.2,308.3,1589,33.2,94,0,0,0,0,0,0
288,L47467,L,298.2,308.3,1805,31.6,96,0,0,0,0,0,0
289,H29702,H,298.2,308.4,1385,42.2,98,0,0,0,0,0,0
290,L47469,L,298.1,308.4,1436,46.7,103,0,0,0,0,0,0
291,L47470,L,298.1,308.4,1438,45.6,105,0,0,0,0,0,0
292,L47471,L,298.0,308.3,1473,42.6,107,0,0,0,0,0,0
293,L47472,L,298.1,308.4,1335,40.2,109,0,0,0,0,0,0
294,H29707,H,298.1,308.5,1392,44.8,111,0,0,0,0,0,0
295,M15154,M,298.1,308.5,1372,51.1,116,0,0,0,0,0,0
296,M15155,M,298.1,308.6,1716,30.7,119,0,0,0,0,0,0
297,L47476,L,298.0,308.5,1395,46.2,122,0,0,0,0,0,0
298,L47477,L,298.0,308.5,1713,25.3,124,0,0,0,0,0,0
299,H29712,H,297.9,308.5,2129,18.7,126,0,0,0,0,0,0
300,M15159,M,297.8,308.3,1567,35.6,131,0,0,0,0,0,0
301,L47480,L,297.8,308.4,1622,38.3,134,0,0,0,0,0,0
302,L47481,L,297.7,308.4,1740,27.1,136,0,0,0,0,0,0
303,H29716,H,297.8,308.4,1512,35.1,138,0,0,0,0,0,0
304,M15163,M,297.8,308.4,1479,43.5,143,0,0,0,0,0,0
305,L47484,L,297.8,308.4,1737,27.5,146,0,0,0,0,0,0
306,L47485,L,297.8,308.4,2129,19.2,148,0,0,0,0,0,0
307,L47486,L,297.8,308.4,1374,47.1,150,0,0,0,0,0,0
308,M15167,M,297.8,308.4,1579,36.6,152,0,0,0,0,0,0
309,L47488,L,297.9,308.5,1305,47.2,155,0,0,0,0,0,0
310,M15169,M,297.9,308.5,1449,40.8,157,0,0,0,0,0,0
311,H29724,H,298.0,308.6,1526,41.8,160,0,0,0,0,0,0
312,M15171,M,298.0,308.6,1453,44.1,165,0,0,0,0,0,0
313,L47492,L,297.9,308.6,1468,36.0,168,0,0,0,0,0,0
314,L47493,L,298.0,308.6,1313,50.8,170,0,0,0,0,0,0
315,M15174,M,297.9,308.5,1300,53.0,172,0,0,0,0,0,0
316,L47495,L,297.9,308.4,1646,40.6,175,0,0,0,0,0,0
317,L47496,L,297.8,308.4,1714,33.2,177,0,0,0,0,0,0
318,L47497,L,297.8,308.4,1685,28.4,179,0,0,0,0,0,0
319,L47498,L,297.8,308.4,1512,39.9,181,0,0,0,0,0,0
320,L47499,L,297.8,308.4,1612,32.1,183,0,0,0,0,0,0
321,H29734,H,297.8,308.4,1550,38.2,185,0,0,0,0,0,0
322,L47501,L,297.8,308.4,1518,32.5,190,0,0,0,0,0,0
323,L47502,L,297.8,308.5,1448,40.0,192,0,0,0,0,0,0
324,L47503,L,297.8,308.5,1561,46.3,194,0,0,0,0,0,0
325,M15184,M,297.8,308.5,1488,41.9,196,0,0,0,0,0,0
326,L47505,L,297.8,308.5,1699,27.8,199,0,0,0,0,0,0
327,L47506,L,297.7,308.5,1501,41.4,201,0,0,0,0,0,0
328,L47507,L,297.7,308.5,1373,56.7,203,1,0,0,0,1,0
329,H29742,H,297.6,308.4,1703,31.4,205,0,0,0,0,0,0
330,H29743,H,297.7,308.5,1720,29.9,210,0,0,0,0,0,0
331,M15190,M,297.6,308.4,1398,41.9,215,0,0,0,0,0,0
332,M15191,M,297.6,308.4,1391,51.9,218,0,0,0,0,0,0
333,M15192,M,297.6,308.3,1538,40.2,0,0,0,0,0,0,0
334,L47513,L,297.5,308.2,1647,31.3,3,0,0,0,0,0,0
335,M15194,M,297.5,308.1,1469,44.8,5,0,0,0,0,0,0
336,L47515,L,297.4,308.1,1749,25.9,8,0,0,0,0,0,0
337,M15196,M,297.6,308.2,1995,20.5,10,0,0,0,0,0,0
338,L47517,L,297.6,308.3,1742,27.7,13,0,0,0,0,0,0
339,L47518,L,297.5,308.2,1563,38.2,15,0,0,0,0,0,0
340,M15199,M,297.5,308.2,1713,32.2,17,0,0,0,0,0,0
341,L47520,L,297.4,308.1,1474,39.4,20,0,0,0,0,0,0
342,M15201,M,297.4,308.2,1530,32.6,22,0,0,0,0,0,0
343,L47522,L,297.4,308.2,1471,46.5,25,0,0,0,0,0,0
344,L47523,L,297.5,308.3,1388,48.6,27,0,0,0,0,0,0
345,M15204,M,297.5,308.2,2448,13.8,29,0,0,0,0,0,0
346,L47525,L,297.5,308.3,1585,32.9,32,0,0,0,0,0,0
347,M15206,M,297.5,308.3,1459,45.2,34,0,0,0,0,0,0
348,L47527,L,297.5,308.3,1544,40.8,37,0,0,0,0,0,0
349,L47528,L,297.6,308.3,1617,31.7,39,0,0,0,0,0,0
350,L47529,L,297.6,308.3,1595,34.3,41,0,0,0,0,0,0
351,H29764,H,297.6,308.3,1400,44.3,43,0,0,0,0,0,0
352,M15211,M,297.6,308.4,1611,31.0,48,0,0,0,0,0,0
353,M15212,M,297.6,308.4,1507,46.0,51,0,0,0,0,0,0
354,H29767,H,297.5,308.3,1674,30.0,54,0,0,0,0,0,0
355,L47534,L,297.6,308.3,1658,34.3,59,0,0,0,0,0,0
356,L47535,L,297.6,308.3,1623,36.9,61,0,0,0,0,0,0
357,M15216,M,297.6,308.4,1398,48.9,63,0,0,0,0,0,0
358,L47537,L,297.6,308.4,1517,34.2,66,0,0,0,0,0,0
359,M15218,M,297.6,308.3,1467,36.7,68,0,0,0,0,0,0
360,M15219,M,297.6,308.3,1567,34.6,71,0,0,0,0,0,0
361,M15220,M,297.5,308.3,1521,38.2,74,0,0,0,0,0,0
362,L47541,L,297.5,308.3,1596,36.8,77,0,0,0,0,0,0
363,H29776,H,297.6,308.3,1640,30.9,79,0,0,0,0,0,0
364,L47543,L,297.6,308.3,1438,47.8,84,0,0,0,0,0,0
365,L47544,L,297.6,308.4,1407,55.2,86,0,0,0,0,0,0
366,L47545,L,297.6,308.4,1353,57.5,88,0,0,0,0,0,0
367,M15226,M,297.6,308.5,1552,40.9,90,0,0,0,0,0,0
368,M15227,M,297.6,308.4,1569,38.3,93,0,0,0,0,0,0
369,L47548,L,297.5,308.4,1489,39.5,96,0,0,0,0,0,0
370,H29783,H,297.5,308.4,1587,36.1,98,0,0,0,0,0,0
371,M15230,M,297.5,308.3,1622,37.2,103,0,0,0,0,0,0
372,L47551,L,297.5,308.4,1604,38.1,106,0,0,0,0,0,0
373,M15232,M,297.4,308.3,1405,51.7,108,0,0,0,0,0,0
374,L47553,L,297.4,308.3,1412,42.0,111,0,0,0,0,0,0
375,L47554,L,297.4,308.3,1431,43.0,113,0,0,0,0,0,0
376,L47555,L,297.4,308.2,1533,37.4,115,0,0,0,0,0,0
377,M15236,M,297.4,308.2,1401,51.9,117,0,0,0,0,0,0
378,M15237,M,297.4,308.2,1424,53.9,120,0,0,0,0,0,0
379,L47558,L,297.3,308.2,1754,29.4,123,0,0,0,0,0,0
380,L47559,L,297.3,308.2,1754,26.8,125,0,0,0,0,0,0
381,L47560,L,297.5,308.3,2564,12.8,127,1,0,0,1,0,0
382,L47561,L,297.5,308.5,1546,40.4,129,0,0,0,0,0,0
383,L47562,L,297.5,308.5,1335,48.0,131,0,0,0,0,0,0
384,M15243,M,297.5,308.6,1842,27.0,133,0,0,0,0,0,0
385,L47564,L,297.5,308.5,1712,26.8,136,0,0,0,0,0,0
386,M15245,M,297.6,308.6,1414,45.4,138,0,0,0,0,0,0
387,L47566,L,297.6,308.7,1319,50.9,141,0,0,0,0,0,0
388,L47567,L,297.7,308.7,1249,60.4,143,0,0,0,0,0,0
389,L47568,L,297.6,308.7,1455,48.2,145,0,0,0,0,0,0
390,M15249,M,297.6,308.7,1408,54.8,147,0,0,0,0,0,0
391,L47570,L,297.6,308.7,1460,46.7,150,0,0,0,0,0,0
392,L47571,L,297.6,308.6,1491,38.1,152,0,0,0,0,0,0
393,M15252,M,297.6,308.5,1490,43.4,154,0,0,0,0,0,0
394,M15253,M,297.5,308.4,1350,52.2,157,0,0,0,0,0,0
395,L47574,L,297.5,308.4,1528,39.9,160,0,0,0,0,0,0
396,L47575,L,297.4,308.3,1571,37.7,162,0,0,0,0,0,0
397,L47576,L,297.4,308.3,1490,42.6,164,0,0,0,0,0,0
398,M15257,M,297.4,308.3,1774,28.9,166,0,0,0,0,0,0
399,H29812,H,297.4,308.3,1502,43.6,169,0,0,0,0,0,0
400,L47579,L,297.4,308.4,1392,49.7,174,0,0,0,0,0,0
401,L47580,L,297.4,308.5,2100,16.9,176,0,0,0,0,0,0
402,L47581,L,297.5,308.5,1722,30.4,178,0,0,0,0,0,0
403,L47582,L,297.4,308.6,1678,32.3,180,0,0,0,0,0,0
404,L47583,L,297.3,308.6,1273,59.8,182,0,0,0,0,0,0
405,L47584,L,297.3,308.6,1297,45.9,184,0,0,0,0,0,0
406,L47585,L,297.3,308.5,1350,57.6,186,0,0,0,0,0,0
407,L47586,L,297.4,308.6,1439,51.9,188,0,0,0,0,0,0
408,M15267,M,297.4,308.5,1600,42.1,190,0,0,0,0,0,0
409,M15268,M,297.4,308.6,1434,44.4,193,0,0,0,0,0,0
410,L47589,L,297.4,308.6,1459,41.3,196,0,0,0,0,0,0
411,M15270,M,297.5,308.6,1472,44.9,198,0,0,0,0,0,0
412,L47591,L,297.5,308.7,1429,44.3,201,0,0,0,0,0,0
413,L47592,L,297.5,308.6,1388,48.2,203,0,0,0,0,0,0
414,L47593,L,297.4,308.4,1573,34.5,205,0,0,0,0,0,0
415,L47594,L,297.4,308.4,1588,32.5,207,0,0,0,0,0,0
416,L47595,L,297.5,308.4,1511,42.8,209,0,0,0,0,0,0
417,L47596,L,297.4,308.5,1495,37.8,211,0,0,0,0,0,0
418,L47597,L,297.4,308.4,1394,50.1,213,0,0,0,0,0,0
419,L47598,L,297.4,308.4,2151,17.7,0,0,0,0,0,0,0
420,M15279,M,297.3,308.3,1501,38.2,2,0,0,0,0,0,0
421,M15280,M,297.3,308.3,1301,39.6,5,0,0,0,0,0,0
422,M15281,M,297.3,308.3,1657,31.1,8,0,0,0,0,0,0
423,L47602,L,297.3,308.3,1333,55.2,11,0,0,0,0,0,0
424,L47603,L,297.3,308.3,1484,43.9,13,0,0,0,0,0,0
425,L47604,L,297.3,308.4,1430,45.7,15,0,0,0,0,0,0
426,M15285,M,297.3,308.4,1665,28.9,17,0,0,0,0,0,0
427,L47606,L,297.4,308.5,1501,44.9,20,0,0,0,0,0,0
428,M15287,M,297.5,308.5,1496,42.2,22,0,0,0,0,0,0
429,M15288,M,297.6,308.6,1595,36.9,25,0,0,0,0,0,0
430,L47609,L,297.5,308.6,1208,62.3,28,0,0,0,0,0,0
431,L47610,L,297.5,308.6,1596,37.1,30,0,0,0,0,0,0
432,L47611,L,297.5,308.5,1446,41.9,32,0,0,0,0,0,0
433,M15292,M,297.6,308.5,1466,39.7,34,0,0,0,0,0,0
434,M15293,M,297.6,308.5,1848,23.7,37,0,0,0,0,0,0
435,M15294,M,297.5,308.5,1484,44.7,40,0,0,0,0,0,0
436,L47615,L,297.4,308.3,1493,41.2,43,0,0,0,0,0,0
437,L47616,L,297.3,308.3,1504,36.3,45,0,0,0,0,0,0
438,L47617,L,297.3,308.3,1538,38.5,47,0,0,0,0,0,0
439,L47618,L,297.4,308.4,1341,52.2,49,0,0,0,0,0,0
440,M15299,M,297.4,308.3,1535,34.6,51,0,0,0,0,0,0
441,L47620,L,297.4,308.5,1389,39.2,54,0,0,0,0,0,0
442,H29855,H,297.5,308.5,1393,46.6,56,0,0,0,0,0,0
443,L47622,L,297.4,308.5,1399,61.5,61,1,0,0,1,0,0
444,H29857,H,297.4,308.5,1469,45.1,63,0,0,0,0,0,0
445,L47624,L,297.4,308.4,1582,37.2,68,0,0,0,0,0,0
446,L47625,L,297.5,308.6,1793,26.7,70,0,0,0,0,0,0
447,L47626,L,297.5,308.6,1452,39.0,72,0,0,0,0,0,0
448,M15307,M,297.6,308.7,1376,59.9,74,0,0,0,0,0,0
449,L47628,L,297.5,308.6,1552,44.9,77,0,0,0,0,0,0
450,L47629,L,297.6,308.7,1622,37.9,79,0,0,0,0,0,0
451,M15310,M,297.6,308.7,1419,41.7,81,0,0,0,0,0,0
452,H29865,H,297.5,308.6,1440,46.1,84,0,0,0,0,0,0
453,M15312,M,297.4,308.6,1643,31.0,89,0,0,0,0,0,0
454,L47633,L,297.4,308.7,1510,36.2,92,0,0,0,0,0,0
455,L47634,L,297.4,308.7,1468,46.6,94,0,0,0,0,0,0
456,L47635,L,297.4,308.7,1429,57.4,96,0,0,0,0,0,0
457,H29870,H,297.3,308.7,1478,47.6,98,0,0,0,0,0,0
458,L47637,L,297.4,308.6,1276,53.6,103,0,0,0,0,0,0
459,L47638,L,297.3,308.6,1486,42.6,105,0,0,0,0,0,0
460,L47639,L,297.4,308.6,1476,42.3,107,0,0,0,0,0,0
461,H29874,H,297.3,308.6,1431,42.0,109,0,0,0,0,0,0
462,L47641,L,297.4,308.7,1402,40.2,114,0,0,0,0,0,0
463,L47642,L,297.4,308.7,1433,43.4,116,0,0,0,0,0,0
464,L47643,L,297.4,308.7,2874,4.2,118,1,0,0,1,0,0
465,L47644,L,297.3,308.6,1511,35.7,120,0,0,0,0,0,0
466,M15325,M,297.3,308.6,1456,42.9,122,0,0,0,0,0,0
467,L47646,L,297.2,308.5,1550,41.5,125,0,0,0,0,0,0
468,L47647,L,297.2,308.5,2182,16.5,127,0,0,0,0,0,0
469,L47648,L,297.3,308.7,1619,31.6,129,0,0,0,0,0,0
470,M15329,M,297.3,308.8,1586,32.7,131,0,0,0,0,0,0
471,H29884,H,297.3,308.8,1499,44.2,134,0,0,0,0,0,0
472,H29885,H,297.3,308.8,1419,42.4,139,0,0,0,0,0,0
473,M15332,M,297.4,309,1497,41.8,144,0,0,0,0,0,0
474,M15333,M,297.4,309,1520,37.0,147,0,0,0,0,0,0
475,L47654,L,297.4,309.1,1478,49.8,150,0,0,0,0,0,0
476,L47655,L,297.4,309.1,1380,41.1,152,0,0,0,0,0,0
477,L47656,L,297.4,309,1570,37.9,154,0,0,0,0,0,0
478,H29891,H,297.4,309,1468,41.4,156,0,0,0,0,0,0
479,L47658,L,297.4,309,1833,22.6,161,0,0,0,0,0,0
480,M15339,M,297.4,308.9,1323,57.3,163,0,0,0,0,0,0
481,L47660,L,297.4,309,1583,32.0,166,0,0,0,0,0,0
482,M15341,M,297.3,309,1556,39.5,168,0,0,0,0,0,0
483,L47662,L,297.3,309,1548,37.4,171,0,0,0,0,0,0
484,L47663,L,297.4,309,1324,56.9,173,0,0,0,0,0,0
485,L47664,L,297.4,309,1568,33.7,175,0,0,0,0,0,0
486,M15345,M,297.4,309,1685,30.7,177,0,0,0,0,0,0
487,M15346,M,297.4,309.1,1582,35.9,180,0,0,0,0,0,0
488,M15347,M,297.4,309.1,1463,35.0,183,0,0,0,0,0,0
489,L47668,L,297.4,309.2,1584,42.8,186,0,0,0,0,0,0
490,M15349,M,297.5,309.2,1347,55.8,188,0,0,0,0,0,0
491,L47670,L,297.4,309.2,1459,37.9,191,0,0,0,0,0,0
492,L47671,L,297.4,309.2,1420,45.6,193,0,0,0,0,0,0
493,L47672,L,297.5,309.3,1404,43.5,195,0,0,0,0,0,0
494,L47673,L,297.5,309.3,1470,38.8,197,0,0,0,0,0,0
495,L47674,L,297.6,309.4,1326,49.8,199,0,0,0,0,0,0
496,H29909,H,297.5,309.3,1459,49.7,201,0,0,0,0,0,0
497,M15356,M,297.5,309.2,1530,40.0,206,0,0,0,0,0,0
498,L47677,L,297.4,309,1505,39.2,209,0,0,0,0,0,0
499,L47678,L,297.5,309.1,1611,30.2,211,0,0,0,0,0,0
500,L47679,L,297.5,309.1,1515,35.1,213,0,0,0,0,0,0
