Timestamp,Machine_ID,Temperature,Vibration,Pressure,Rotation_Speed,Failure,Hour,Day,Month,DayOfWeek,Temperature_lag1,Temperature_mean7d,Temperature_max7d,Temperature_min7d,Vibration_lag1,Vibration_mean7d,Vibration_max7d,Vibration_min7d,Pressure_lag1,Pressure_mean7d,Pressure_max7d,Pressure_min7d,Rotation_Speed_lag1,Rotation_Speed_mean7d,Rotation_Speed_max7d,Rotation_Speed_min7d,Failure_lag1,Failure_mean7d,Failure_max7d,Failure_min7d,Failure_count_3d,Failure_count_7d,Failure_count_30d,Vibration_diff,Pressure_warn,Machine_ID_enc,Temperature_diff1,Vibration_diff1,Pressure_diff1,Rotation_Speed_diff1
2025-08-01 01:08:00,PUMP_003,1.6301618752796045,0.7355779337502513,-0.04247562647875409,-0.0472156669938512,0,1,1,8,4,47.2,0.0,0.0,0.0,2.26,0.0,0.0,0.0,314.7386083374482,0.0,0.0,0.0,1534.211253081644,0.0,0.0,0.0,0.0,0.0,0.0,0.0,0.0,0.0,0.0,0.12371736457645444,1,2,1.5543729028035873,0.16558462608844657,-0.39312531457452987,-1.136267082613196
2025-08-01 03:25:00,PUMP_003,0.04245865337228161,0.33366121735908366,0.4171960549769397,0.9407386844405219,0,3,1,8,4,57.89606407753696,0.0,0.0,0.0,2.3837173645764542,0.0,0.0,0.0,310.5974698193431,0.0,0.0,0.0,1499.2624816194725,0.0,0.0,0.0,0.0,0.0,0.0,0.0,0.0,0.0,0.0,-0.20594170601523842,1,2,-1.1741583766133041,-0.309067643057655,0.31138171558670563,0.701296818498462
2025-08-01 04:23:00,PUMP_003,-1.939872922472111,1.0790494397441015,0.8831946750432034,-1.2754463923335921,0,4,1,8,4,49.87772411252967,0.0,0.0,0.0,2.177775658561216,0.0,0.0,0.0,314.17011109663173,0.0,0.0,0.0,1520.8115464280288,0.0,0.0,0.0,0.0,0.0,0.0,0.0,0.0,0.0,0.0,0.3819361472197027,1,2,-1.464732114952621,0.5373751880704843,0.3158728223270006,-1.571777262402212
2025-08-01 04:41:00,PUMP_001,-0.2978353651313677,0.35319025471421134,-0.04247562647875409,-0.48224524933282226,0,4,1,8,4,51.20981135783017,0.0,0.0,0.0,1.043359877671101,0.0,0.0,0.0,292.75082167486966,0.0,0.0,0.0,1485.9428117689756,0.0,0.0,0.0,0.0,0.0,0.0,0.0,0.0,0.0,0.0,1.1444224392492461,1,0,-0.44987917474652206,1.6352240901347608,1.615040680871964,0.12502205637009697
2025-08-01 05:42:00,PUMP_002,-2.0899782056891754,-1.0319228729636956,0.10284657851787243,0.3581835533087797,0,5,1,8,4,43.11030348088759,0.0,0.0,0.0,1.8234416739964656,0.0,0.0,0.0,305.3853428182581,0.0,0.0,0.0,1501.6664319627157,0.0,0.0,0.0,0.0,0.0,0.0,0.0,0.0,0.0,0.0,-0.3453898781138831,1,1,-0.5885785104696565,-0.5098489872387718,0.5642728902233332,0.2098344573698632
2025-08-01 07:44:00,PUMP_001,0.023566989018259366,-0.2819257384306552,-2.13045894035043,-0.9253300165143391,0,7,1,8,4,48.15914529328229,0.0,0.0,0.0,2.187782316920347,0.0,0.0,0.0,310.5974698193431,0.0,0.0,0.0,1489.7737024569017,0.0,0.0,0.0,0.0,0.0,0.0,0.0,0.0,0.0,0.0,-0.32543277204354326,1,0,0.23155902454374788,-0.4811141926375674,-1.4970427414399583,-0.31390804451197113
2025-08-01 08:05:00,PUMP_003,1.0874061331901037,0.8954586165027856,-1.1991227499427903,-0.36781233204917413,0,8,1,8,4,39.866401921349535,0.0,0.0,0.0,2.5597118057809185,0.0,0.0,0.0,317.79192634515005,0.0,0.0,0.0,1472.472556091254,0.0,0.0,0.0,0.0,0.0,0.0,0.0,0.0,0.0,0.0,-0.09407174622281911,1,2,2.2239569371609305,-0.1479941735200234,-1.4930208734670751,0.6443161607979823
2025-08-01 08:43:00,PUMP_001,-1.4264690069198562,0.22391000007202935,-0.34802664660149546,-0.48377126602273707,0,8,1,8,4,49.78231598763251,0.0,0.0,0.0,1.862349544876804,0.0,0.0,0.0,294.3693320541349,0.0,0.0,0.0,1480.1092251965747,0.0,0.0,0.0,0.0,0.0,0.0,0.0,0.0,0.0,0.0,0.25918970448926104,1,0,-1.0727908998529923,0.36064145686435056,1.2503285692423274,0.31367396180037127
2025-08-01 09:34:00,PUMP_001,0.871107373679192,1.3101354071118054,-0.21200008923777422,1.136814918647779,0,9,1,8,4,42.45923355226259,0.0,0.0,0.0,2.121539249366065,0.0,0.0,0.0,308.22267878729343,0.0,0.0,0.0,1489.7404172828426,0.0,0.0,0.0,0.0,0.0,0.0,0.0,0.0,0.0,0.0,0.5565807649193468,1,0,1.6866604351383812,0.7888333503971071,0.0816458373461968,1.1500972078391298
2025-08-01 10:27:00,PUMP_003,1.0299479019904665,0.22391000007202935,1.8047425257522658,0.37420983620047876,0,10,1,8,4,55.15499761247976,0.0,0.0,0.0,2.4656400595580994,0.0,0.0,0.0,301.6078247677736,0.0,0.0,0.0,1492.2696906037197,0.0,0.0,0.0,0.0,0.0,0.0,0.0,0.0,0.0,0.0,-0.3441008101920344,1,2,-0.04740455092177163,-0.5079929515074002,2.117349135693295,0.5268281089488694
2025-08-01 12:23:00,PUMP_001,-0.14337894519359043,-0.4298260043439272,0.5258366845227113,1.3140741774773943,0,12,1,8,4,54.06262911197099,0.0,0.0,0.0,2.678120014285412,0.0,0.0,0.0,309.2798987841967,0.0,0.0,0.0,1525.0883224473007,0.0,0.0,0.0,0.0,0.0,0.0,0.0,0.0,0.0,0.0,-0.8915544113052729,1,0,-0.7520858703366942,-1.2962318237283528,0.5088341009911999,0.12617515360150583
2025-08-01 13:05:00,PUMP_004,-0.45781598062974116,0.48756094143039536,0.005555517319115739,1.0968274990148277,0,13,1,8,4,51.08530442156383,0.0,0.0,0.0,3.33,0.0,0.0,0.0,312.6348604023021,0.0,0.0,0.0,1541.044277900352,0.0,0.0,0.0,0.0,0.0,0.0,0.0,0.0,0.0,0.0,-1.0733662834433222,1,3,-0.5495235828909506,-1.558009597696877,-0.16689359314678873,-0.5469030237748054
2025-08-01 14:57:00,PUMP_003,-0.8312876469962593,-0.8108624567508258,-0.7409555195622679,-0.6665221443063839,0,14,1,8,4,36.90127447955128,0.0,0.0,0.0,2.410951252187612,0.0,0.0,0.0,310.8704706823817,0.0,0.0,0.0,1492.5248162383534,0.0,0.0,0.0,0.0,0.0,0.0,0.0,0.0,0.0,0.0,-0.8196283297490266,1,2,1.2434905386800028,-1.1926706574598698,-0.5356526852901513,-0.21978369124270894
2025-08-01 15:50:00,PUMP_001,0.281570384195937,-0.14989882017510234,-1.2078712758789316,-0.9561142411578465,0,15,1,8,4,48.93919289144187,0.0,0.0,0.0,1.786565602980139,0.0,0.0,0.0,315.01448331524807,0.0,0.0,0.0,1528.954666323301,0.0,0.0,0.0,0.0,0.0,0.0,0.0,0.0,0.0,0.0,0.14343439701986105,1,0,0.307802992796431,0.19397375602590772,-1.245564336823933,-1.6100882034261426
2025-08-01 16:27:00,PUMP_002,-0.6841074772057267,0.22391000007202935,-0.20218033254840123,0.38191332972325065,0,16,1,8,4,39.10832876588145,0.0,0.0,0.0,1.4780517958825825,0.0,0.0,0.0,311.7269370652552,0.0,0.0,0.0,1508.1049691888184,0.0,0.0,0.0,0.0,0.0,0.0,0.0,0.0,0.0,0.0,0.6434874534834825,1,1,1.0300774951430278,0.913964009950632,-0.23143104340419246,0.017258580227828908
2025-08-01 17:07:00,PUMP_001,1.2913717559549718,-1.4052476736443615,0.3155660530505528,2.2497884066971077,0,17,1,8,4,51.08530442156383,0.0,0.0,0.0,1.93,0.0,0.0,0.0,301.53982983544296,0.0,0.0,0.0,1479.4377657804985,0.0,0.0,0.0,0.0,0.0,0.0,0.0,0.0,0.0,0.0,-0.6432394423627763,1,0,0.7384427140208025,-0.9387010472811848,1.066483884822619,2.274749191072114
2025-08-01 17:38:00,PUMP_004,2.203908411672302,1.188685460430375,-0.3951079829485161,-0.8033355325999778,0,17,1,8,4,47.351198981164806,0.0,0.0,0.0,2.256633716556678,0.0,0.0,0.0,310.9707754934804,0.0,0.0,0.0,1524.2161247633223,0.0,0.0,0.0,0.0,0.0,0.0,0.0,0.0,0.0,0.0,0.3592554718013772,1,3,1.9547908115133186,0.5047189228151345,-0.2993176085849399,-1.3475855454248742
2025-08-01 18:08:00,PUMP_003,-0.06925387413506295,1.3541260666992454,-0.1777657572096539,0.23524318272098266,0,18,1,8,4,45.4650638729756,0.0,0.0,0.0,1.5913229224385854,0.0,0.0,0.0,305.16877321248705,0.0,0.0,0.0,1485.75429129004,0.0,0.0,0.0,0.0,0.0,0.0,0.0,0.0,0.0,0.0,1.1093378599082269,1,2,0.5560058548016544,1.5847083401317004,0.38486286966047367,0.6401527759786824
2025-08-01 18:58:00,PUMP_001,0.281570384195937,-1.1814066426000458,0.8966789212920372,0.48115676657478185,0,18,1,8,4,56.18508036468231,0.0,0.0,0.0,1.2867605576372236,0.0,0.0,0.0,313.38022658875144,0.0,0.0,0.0,1549.364279923837,0.0,0.0,0.0,0.0,0.0,0.0,0.0,0.0,0.0,0.0,0.11469591069362495,1,0,-0.7486362383394436,0.1525952866815368,0.39758538628645296,-1.2542748130034944
2025-08-01 19:53:00,PUMP_003,0.9453466701609344,0.5775452169572663,-1.046115671320705,-0.32279243115450673,0,19,1,8,4,49.31354498160365,0.0,0.0,0.0,2.7006607823468123,0.0,0.0,0.0,309.54597344713164,0.0,0.0,0.0,1505.4234181540585,0.0,0.0,0.0,0.0,0.0,0.0,0.0,0.0,0.0,0.0,-0.3979192169229746,1,2,0.7419764527678743,-0.5854821855540132,-0.6312995883132635,-0.3954562405415523
2025-08-01 20:48:00,PUMP_002,0.8720888991592843,-1.2143665585772236,0.1733112073288159,1.4848029652568417,0,20,1,8,4,46.20836439740879,0.0,0.0,0.0,2.121539249366065,0.0,0.0,0.0,309.3562194919903,0.0,0.0,0.0,1508.622558376118,0.0,0.0,0.0,0.0,0.0,0.0,0.0,0.0,0.0,0.0,-0.7369714075830425,1,1,1.1407656528423882,-1.073658929384866,0.25162738185404,0.7828339741437026
2025-08-01 21:18:00,PUMP_001,0.3239659951763737,0.7496179141662126,-1.7108636971868953,-1.5268685990068172,0,21,1,8,4,51.08530442156383,0.0,0.0,0.0,0.7651505674662014,0.0,0.0,0.0,314.81979139002897,0.0,0.0,0.0,1499.2624816194725,0.0,0.0,0.0,0.0,0.0,0.0,0.0,0.0,0.0,0.0,1.6257608684224536,1,0,0.02612008034290204,2.328268504851497,-1.584826488435378,-1.0492681252318514
2025-08-01 21:57:00,PUMP_003,-0.21597683371425594,1.026228154643984,0.9794422614178562,2.0366270426355677,0,21,1,8,4,54.43755807208135,0.0,0.0,0.0,2.3027415654238377,0.0,0.0,0.0,302.79702007141185,0.0,0.0,0.0,1493.2516557731078,0.0,0.0,0.0,0.0,0.0,0.0,0.0,0.0,0.0,0.0,0.2299046689991373,1,2,-0.8602053943082929,0.3184760508815503,1.4229085898830653,1.6742388181632688
2025-08-01 22:47:00,PUMP_003,-0.07489706143923451,-1.901044263866504,0.07449581552544886,-0.03141482291611581,0,22,1,8,4,48.57255349506835,0.0,0.0,0.0,2.532646234422975,0.0,0.0,0.0,318.53997786494904,0.0,0.0,0.0,1544.7148464331365,0.0,0.0,0.0,0.0,0.0,0.0,0.0,0.0,0.0,0.0,-1.4999313321735,1,2,0.0987834492472569,-2.172189780741106,-0.6572772278433969,-1.4666818065907334
2025-08-01 23:09:00,PUMP_001,0.061861782676085095,0.22391000007202935,-0.7144560369419197,-1.2885122521848322,0,23,1,8,4,51.29941397124212,0.0,0.0,0.0,2.390911435888655,0.0,0.0,0.0,297.6304928912192,0.0,0.0,0.0,1466.988584672893,0.0,0.0,0.0,0.0,0.0,0.0,0.0,0.0,0.0,0.0,-0.26937218652259,1,0,-0.19808999262759222,-0.40039660740801636,0.6923777581391454,0.1695185255881652
2025-08-02 00:07:00,PUMP_003,0.6009076814336989,-1.4753266148263227,-0.1340723523961741,0.46037057070385623,0,0,2,8,5,49.28504532646237,0.0,0.0,0.0,1.032714902249475,0.0,0.0,0.0,311.5065904348328,0.0,0.0,0.0,1499.6071265036887,0.0,0.0,0.0,0.0,0.0,0.0,0.0,0.0,0.0,0.0,0.21813727906455926,1,2,0.4925134793879551,0.3015330366203337,-0.16296088142512735,0.3493056448852676
2025-08-02 00:54:00,PUMP_003,-1.8504288997653053,-0.840139812430868,1.6361911490773344,1.3299397290738275,0,0,2,8,5,52.69804600791833,0.0,0.0,0.0,1.2508521813140343,0.0,0.0,0.0,309.8855655253027,0.0,0.0,0.0,1510.3338521905912,0.0,0.0,0.0,0.0,0.0,0.0,0.0,0.0,0.0,0.0,0.32546905462964393,1,2,-1.8100710556194974,0.4560723026930304,1.241690687895081,0.6173122354469143
2025-08-02 01:25:00,PUMP_001,0.062021130370814005,-1.5460882208543438,-0.04247562647875409,0.4413673193128639,0,1,2,8,5,49.97571527674485,0.0,0.0,0.0,2.121539249366065,0.0,0.0,0.0,305.3747313979825,0.0,0.0,0.0,1472.187566141764,0.0,0.0,0.0,0.0,0.0,0.0,0.0,0.0,0.0,0.0,-0.9069452411298726,1,0,-0.004979430865481233,-1.3183919671977127,0.4620866967091681,1.2276319001885259
2025-08-02 02:14:00,PUMP_004,-0.15456780192737546,0.6834366926338744,0.4895395528129702,-0.0472156669938512,0,2,2,8,5,60.79364261681552,0.0,0.0,0.0,2.615889188358055,0.0,0.0,0.0,307.85675516743805,0.0,0.0,0.0,1482.7701447383938,0.0,0.0,0.0,0.0,0.0,0.0,0.0,0.0,0.0,0.0,-0.258888941312009,1,3,-1.7416958770807487,-0.3853025403214162,0.6130460814376397,0.5368292687546085
2025-08-02 03:12:00,PUMP_004,-1.261379236136144,-1.5957396075190602,-1.5960555196653072,1.5793161025060134,0,3,2,8,5,48.88268607337075,0.0,0.0,0.0,2.357000247046046,0.0,0.0,0.0,314.73237624573545,0.0,0.0,0.0,1499.2624816194725,0.0,0.0,0.0,0.0,0.0,0.0,0.0,0.0,0.0,0.0,-1.1678475575177876,1,3,-0.8200669305877885,-1.6940463554623095,-1.4953474749486058,1.1543151125446518
2025-08-02 04:05:00,PUMP_002,0.4208959056781427,0.5339282228882865,1.2741524755242517,1.19443183847656,0,4,2,8,5,54.06758608684835,0.0,0.0,0.0,1.3845678417830225,0.0,0.0,0.0,312.27459934604127,0.0,0.0,0.0,1532.6785688570608,0.0,0.0,0.0,0.0,0.0,0.0,0.0,0.0,0.0,0.0,0.8958244214010946,1,1,-0.33732031761430764,1.2772857720261204,0.7665087888711453,-0.20557024412164218
2025-08-02 04:26:00,PUMP_001,-0.5936334714317739,-1.6641664011716377,0.7257155145931949,-1.6591871090733867,0,4,2,8,5,49.9765200266322,0.0,0.0,0.0,1.2145940082361923,0.0,0.0,0.0,310.5974698193431,0.0,0.0,0.0,1509.9193570317782,0.0,0.0,0.0,0.0,0.0,0.0,0.0,0.0,0.0,0.0,-0.06050313636134397,1,0,-0.4878700013461207,-0.0996611584016131,0.5303808097584,-1.489746802836615
2025-08-02 04:54:00,PUMP_001,-1.104815647471131,0.4697313003904306,-0.33204330512569846,-0.8010213781786412,0,4,2,8,5,46.66528312521744,0.0,0.0,0.0,1.1540908718748484,0.0,0.0,0.0,316.5679733116398,0.0,0.0,0.0,1464.1024795156493,0.0,0.0,0.0,0.0,0.0,0.0,0.0,0.0,0.0,0.0,1.093406955220999,1,0,-0.38149170282257916,1.561770581902355,-0.7657493854436092,0.6092224391043566
2025-08-02 05:30:00,PUMP_004,-1.4783511017782336,1.9386574333211732,-1.6634907929886273,1.3635815394380273,0,5,2,8,5,43.29298251026918,0.0,0.0,0.0,1.1891526895282585,0.0,0.0,0.0,298.52280027175,0.0,0.0,0.0,1534.7400707036647,0.0,0.0,0.0,0.0,0.0,0.0,0.0,0.0,0.0,0.0,1.8110213550247933,1,3,-0.16485802990677628,2.5950116895334214,-0.06277927176814922,-0.15262172478808478
2025-08-02 06:41:00,PUMP_001,1.2650192970211205,-0.16086289938834133,-0.6012245602862561,-1.4933540597234556,0,6,2,8,5,44.08367189272791,0.0,0.0,0.0,2.2474978270958474,0.0,0.0,0.0,308.3469038544644,0.0,0.0,0.0,1482.8206206166872,0.0,0.0,0.0,0.0,0.0,0.0,0.0,0.0,0.0,0.0,-0.3231158098419622,1,0,1.7398660419530063,-0.47777816622539465,-0.2059864047317849,-0.49072899333520625
2025-08-02 07:21:00,PUMP_003,0.281570384195937,-0.48773838977996403,1.9302514668575923,-0.5107730357566901,0,7,2,8,5,40.318118950077,0.0,0.0,0.0,1.5763212359436782,0.0,0.0,0.0,323.6443344732032,0.0,0.0,0.0,1529.30072259511,0.0,0.0,0.0,0.0,0.0,0.0,0.0,0.0,0.0,0.0,0.18057012117975968,1,2,1.564742292477274,0.24744280120413484,0.19382433792705475,-1.3054104579925672
2025-08-02 08:00:00,PUMP_001,1.8302284154183879,-0.6743101807595859,-2.1121395580065934,-0.40668657095857613,0,8,2,8,5,56.05199316568319,0.0,0.0,0.0,1.9243820172538852,0.0,0.0,0.0,306.2547844090953,0.0,0.0,0.0,1467.7195971715955,0.0,0.0,0.0,0.0,0.0,0.0,0.0,0.0,0.0,0.0,-0.2630898511112636,1,0,0.4110794320691195,-0.3913511267143687,-1.0874172394715582,0.771325691753775
2025-08-02 09:01:00,PUMP_002,-1.1051201322868027,0.2101433185369913,-0.5560179875946266,-0.9478407016523948,0,9,2,8,5,51.78893680174141,0.0,0.0,0.0,2.280392263184117,0.0,0.0,0.0,320.8305124317528,0.0,0.0,0.0,1526.345051300873,0.0,0.0,0.0,0.0,0.0,0.0,0.0,0.0,0.0,0.0,-0.16590704706889836,1,1,-1.1287367147713876,-0.2514246312052475,-1.3140371674936264,-1.5193423808790723
2025-08-02 09:45:00,PUMP_001,0.281570384195937,-0.602647517020678,-0.8260415694123683,1.2437104379555914,0,9,2,8,5,58.90645538513184,0.0,0.0,0.0,1.6612921661426217,0.0,0.0,0.0,294.5117132017591,0.0,0.0,0.0,1491.4217733973976,0.0,0.0,0.0,0.0,0.0,0.0,0.0,0.0,0.0,0.0,0.03671987410850419,1,0,-1.1454085239778193,0.04032322743646152,0.89801120368484,1.1712455421849974
2025-08-02 10:30:00,PUMP_001,1.6828307642518705,-1.4088215423942378,-0.685529230050489,0.13644787406637565,0,10,2,8,5,51.08530442156383,0.0,0.0,0.0,1.6980120402511258,0.0,0.0,0.0,304.507470926357,0.0,0.0,0.0,1527.4199063610351,0.0,0.0,0.0,0.0,0.0,0.0,0.0,0.0,0.0,0.0,-0.41308272923144207,1,0,1.026682791837336,-0.6073150309616053,0.08483001961939995,-0.7850877071429796
2025-08-02 10:48:00,PUMP_002,0.281570384195937,2.2778939159889675,0.4017105234884502,1.029310363942391,1,10,2,8,5,44.08213416027731,0.0,0.0,0.0,2.114485216115219,0.0,0.0,0.0,306.606137068218,0.0,0.0,0.0,1479.618226586952,0.0,0.0,0.0,0.0,0.0,0.0,0.0,0.0,0.0,0.0,1.0595132481099423,1,1,1.0159546733853306,1.5129694827511586,0.6649217959112723,1.4030507409634867
2025-08-02 11:29:00,PUMP_004,0.2637484001666549,-0.5989794354482745,-0.02953829028938388,-0.45503715260958666,0,11,2,8,5,42.19721463781366,0.0,0.0,0.0,3.000174044553052,0.0,0.0,0.0,297.9986826226984,0.0,0.0,0.0,1530.0345111054423,0.0,0.0,0.0,0.0,0.0,0.0,0.0,0.0,0.0,0.0,-1.300282483132449,1,3,1.2776503080623793,-1.8847298329239435,1.144931847158313,-1.2897365257840578
2025-08-02 12:26:00,PUMP_004,-1.811817915810132,1.2362679002049077,-0.04247562647875409,-0.0472156669938512,0,12,2,8,5,50.99529847786735,0.0,0.0,0.0,1.6998915614206027,0.0,0.0,0.0,310.6980208499002,0.0,0.0,0.0,1490.367160078456,0.0,0.0,0.0,0.0,0.0,0.0,0.0,0.0,0.0,0.0,0.9403788194181291,1,3,-1.5333829524129337,1.3414364294955674,-0.02409451949545278,0.2897401399214992
2025-08-02 13:09:00,PUMP_001,1.1923686042326997,0.4227898411795743,-1.592489647112072,0.6643450387414425,0,13,2,8,5,58.16205651965818,0.0,0.0,0.0,1.2849293110196838,0.0,0.0,0.0,305.5995551330301,0.0,0.0,0.0,1503.2685144321522,0.0,0.0,0.0,0.0,0.0,0.0,0.0,0.0,0.0,0.0,0.9385157613673503,1,0,-0.36623508871117605,1.3387539468635383,-0.6587068227943473,0.3749239841117384
2025-08-02 13:46:00,PUMP_001,-0.4729413031365873,-1.2500008866983041,0.022567559565011296,-0.5062843956845168,0,13,2,8,5,55.68508709316729,0.0,0.0,0.0,2.223445072387034,0.0,0.0,0.0,298.550514799286,0.0,0.0,0.0,1514.7829029231996,0.0,0.0,0.0,0.0,0.0,0.0,0.0,0.0,0.0,0.0,-0.8571362231432016,1,0,-1.2313019257015243,-1.2466755622194474,1.1315192322195142,-0.8300413036490452
2025-08-02 14:41:00,PUMP_001,-1.0773421889165056,1.5188307906805438,-1.566760910858233,1.4558938753070072,0,14,2,8,5,47.274811923264544,0.0,0.0,0.0,1.3663088492438324,0.0,0.0,0.0,311.1029957863342,0.0,0.0,0.0,1489.2493653537522,0.0,0.0,0.0,0.0,0.0,0.0,0.0,0.0,0.0,0.0,1.4187464617755945,1,0,-0.45013073674461207,2.0302034229943455,-1.1430781676806023,1.392428771447524
2025-08-02 15:31:00,PUMP_003,0.42013171542772015,-0.6894291884723536,1.038115907253607,0.33881416948867954,0,15,2,8,5,51.08530442156383,0.0,0.0,0.0,1.756891357123438,0.0,0.0,0.0,325.92981794259464,0.0,0.0,0.0,1489.1514600247488,0.0,0.0,0.0,0.0,0.0,0.0,0.0,0.0,0.0,0.0,-0.10334615475376507,1,2,0.09692906442817313,-0.16134772404208325,-0.648183563229208,0.6031366788736163
2025-08-02 16:20:00,PUMP_001,-0.5567617089543636,0.8422525468094274,0.5905403024135115,-0.0472156669938512,0,16,2,8,5,44.22242044955258,0.0,0.0,0.0,2.785055311019427,0.0,0.0,0.0,298.75048262167144,0.0,0.0,0.0,1532.048009507855,0.0,0.0,0.0,0.0,0.0,0.0,0.0,0.0,0.0,0.0,-0.34667798604326405,1,0,0.3782183611964572,-0.511703640746374,1.516425086819307,-1.065908666027858
2025-08-02 16:57:00,PUMP_001,0.281570384195937,0.36025002056711314,0.5138615076155065,-1.764120903622907,0,16,2,8,5,46.85149571367444,0.0,0.0,0.0,2.438377324976163,0.0,0.0,0.0,315.51737010465075,0.0,0.0,0.0,1499.2624816194725,0.0,0.0,0.0,0.0,0.0,0.0,0.0,0.0,0.0,0.0,-0.2469775914007699,1,0,0.6121860251675957,-0.36815224849472644,-0.0693406822945078,-1.2175791729687213
2025-08-02 17:46:00,PUMP_002,-1.4521228796720729,0.3409975771640973,1.3530498505498554,0.9698545749313738,0,17,2,8,5,51.08530442156383,0.0,0.0,0.0,3.173998464225161,0.0,0.0,0.0,314.04975508770525,0.0,0.0,0.0,1522.7434543739955,0.0,0.0,0.0,1.0,0.0,0.0,0.0,0.0,0.0,0.0,-0.9924636625565069,1,1,-1.281654130097848,-1.4415237612390184,0.6603865049607994,-0.041754754525667646
2025-08-02 18:43:00,PUMP_003,0.4548094257494669,-0.13479852360464387,-0.37694110294185523,2.3072685277703804,0,18,2,8,5,51.78507742982524,0.0,0.0,0.0,1.6535452023696728,0.0,0.0,0.0,318.9959987543325,0.0,0.0,0.0,1507.682488021915,0.0,0.0,0.0,0.0,0.0,0.0,0.0,0.0,0.0,0.0,0.2841921738334847,1,2,0.020437216392166693,0.39664070538249724,-1.0193735171624998,1.3968811405370762
2025-08-02 19:20:00,PUMP_001,0.26656779662727265,-0.7985503024312611,-0.04247562647875409,0.2952805512780779,0,19,2,8,5,51.08530442156383,0.0,0.0,0.0,2.191399733575393,0.0,0.0,0.0,314.9214103393666,0.0,0.0,0.0,1461.8136843541397,0.0,0.0,0.0,0.0,0.0,0.0,0.0,0.0,0.0,0.0,-0.593768076113141,1,0,-0.016143505027890397,-0.8674708026347965,-0.40982079965383633,1.4614006449751376
2025-08-02 20:55:00,PUMP_001,-0.7506088646386818,0.22391000007202935,0.41194699159160447,-0.6595261662078734,0,20,2,8,5,51.00953720901398,0.0,0.0,0.0,1.597631657462252,0.0,0.0,0.0,310.5974698193431,0.0,0.0,0.0,1506.7329413563134,0.0,0.0,0.0,0.0,0.0,0.0,0.0,0.0,0.0,0.0,0.523907591903813,1,0,-0.7540668299884717,0.7417896100741399,0.3076557265419042,-0.6769327904467372
2025-08-02 21:14:00,PUMP_001,0.281570384195937,0.22391000007202935,0.6000256878701891,0.9866768124602502,0,21,2,8,5,45.87251401603744,0.0,0.0,0.0,2.121539249366065,0.0,0.0,0.0,314.1293145427562,0.0,0.0,0.0,1485.9068861799003,0.0,0.0,0.0,0.0,0.0,0.0,0.0,0.0,0.0,0.0,0.0,1,0,0.7549200485384004,-0.012547065308942756,0.11859446705737647,1.1682702217720131
2025-08-02 22:12:00,PUMP_001,-1.366998054844969,-1.386692688204163,-1.0437305275427482,-0.258049250976846,0,22,2,8,5,51.08530442156383,0.0,0.0,0.0,2.121539249366065,0.0,0.0,0.0,315.59109202614525,0.0,0.0,0.0,1521.813539785762,0.0,0.0,0.0,0.0,0.0,0.0,0.0,0.0,0.0,0.0,-0.8252711365543426,1,0,-1.218974805795075,-1.2007953271366028,-1.1817130948433061,-0.882606783604298
2025-08-02 23:11:00,PUMP_002,-0.9425233844027388,0.7985400618176404,-1.0513083116442816,-0.0472156669938512,0,23,2,8,5,42.32967440650536,0.0,0.0,0.0,2.181534801668654,0.0,0.0,0.0,321.4437153547468,0.0,0.0,0.0,1521.4466164697117,0.0,0.0,0.0,0.0,0.0,0.0,0.0,0.0,0.0,0.0,0.23444429161860159,1,1,0.3701328150338395,0.3250123253833507,-1.7216178955890862,-0.7211036534068336
2025-08-03 00:06:00,PUMP_001,1.4960448512077555,-1.8818572362114319,0.9768003713092193,0.867243607682613,0,0,3,8,6,42.75957829251338,0.0,0.0,0.0,1.2962681128117224,0.0,0.0,0.0,302.81555778747565,0.0,0.0,0.0,1494.663821207204,0.0,0.0,0.0,0.0,0.0,0.0,0.0,0.0,0.0,0.0,-0.2537217976164834,1,0,2.103026163975547,-0.3778627435772128,1.4193402059992617,0.7987272231601844
2025-08-03 00:45:00,PUMP_003,0.5808467123811426,1.4823633968912673,-0.2592842841421508,0.4470264583452617,0,0,3,8,6,51.96020944866298,0.0,0.0,0.0,1.9377373762031576,0.0,0.0,0.0,307.9979510426893,0.0,0.0,0.0,1550.618024950025,0.0,0.0,0.0,0.0,0.0,0.0,0.0,0.0,0.0,0.0,0.8286320802981313,1,2,0.08770732852837036,1.1805403764981985,0.06860628350186429,-1.3192648975656982
2025-08-03 01:54:00,PUMP_001,0.281570384195937,0.22391000007202935,0.352733021948449,0.22671584567199446,0,1,3,8,6,57.21873604842881,0.0,0.0,0.0,1.042546315195239,0.0,0.0,0.0,318.51944467564687,0.0,0.0,0.0,1519.2084863576251,0.0,0.0,0.0,0.0,0.0,0.0,0.0,0.0,0.0,0.0,1.078992934170826,1,0,-0.8993416446584339,1.5410168747869872,-0.4578983368369656,-0.4539776526102595
2025-08-03 02:36:00,PUMP_004,-0.07518647531656641,-0.599357855511382,-0.5158639699773597,-0.8586212625069415,0,2,3,8,6,37.17829009269653,0.0,0.0,0.0,2.571362941646916,0.0,0.0,0.0,291.0325277981708,0.0,0.0,0.0,1514.9773331457286,0.0,0.0,0.0,0.0,0.0,0.0,0.0,0.0,0.0,0.0,-0.8716652822717086,1,3,1.759836398227061,-1.2675949043492603,1.4359447052425003,-1.0863191534623022
2025-08-03 03:31:00,PUMP_004,-2.0360816273647373,-0.526319397253023,-1.0960820577341157,0.158973762906014,0,3,3,8,6,49.2835837064146,0.0,0.0,0.0,1.6996976593752076,0.0,0.0,0.0,306.9182204672521,0.0,0.0,0.0,1481.5642633380803,0.0,0.0,0.0,0.0,0.0,0.0,0.0,0.0,0.0,0.0,0.03742482978441197,1,3,-1.4489479936725589,0.04133824216248279,-0.4267724280099465,0.7223244451891063
2025-08-03 04:14:00,PUMP_004,-1.8269948424197395,0.3404187854582743,0.6157720308350679,1.0989809541382587,0,4,3,8,6,39.380521378450965,0.0,0.0,0.0,1.7371224891596195,0.0,0.0,0.0,302.40867338446304,0.0,0.0,0.0,1503.7598446619052,0.0,0.0,0.0,0.0,0.0,0.0,0.0,0.0,0.0,0.0,0.4441157402430316,1,3,0.14885854321264283,0.626903089942352,1.2002294182135569,0.6672822415581607
2025-08-03 05:00:00,PUMP_001,-1.2404196988392389,1.7738548696533576,1.3981706289752003,-0.5511571967200379,0,5,3,8,6,51.08530442156383,0.0,0.0,0.0,2.121539249366065,0.0,0.0,0.0,313.66909417096974,0.0,0.0,0.0,1505.237421565809,0.0,0.0,0.0,0.0,0.0,0.0,0.0,0.0,0.0,0.0,0.7941901335611119,1,0,-1.1257723135501938,1.1309499067344115,0.7271811185036774,-0.551412862270778
2025-08-03 05:41:00,PUMP_003,0.35920637412514633,-1.0840789709321588,0.3192967278607442,-0.1124472917352557,0,5,3,8,6,52.59673257120586,0.0,0.0,0.0,2.766369456501289,0.0,0.0,0.0,308.91239851543145,0.0,0.0,0.0,1510.0427930524736,0.0,0.0,0.0,0.0,0.0,0.0,0.0,0.0,0.0,0.0,-1.315042390784618,1,2,-0.16829553135902614,-1.9059815571580574,0.3957881764005233,-0.3964764802051808
2025-08-03 06:01:00,PUMP_001,-0.046729207125582435,1.1945772905976886,-0.04247562647875409,-0.7003876112729703,0,6,3,8,6,43.39883396489679,0.0,0.0,0.0,2.915729382927177,0.0,0.0,0.0,321.79440120721284,0.0,0.0,0.0,1488.2706086973824,0.0,0.0,0.0,0.0,0.0,0.0,0.0,0.0,0.0,0.0,-0.296821226940446,1,0,0.8738444115725763,-0.43991849678552863,-1.0375377572370725,-0.10544248691501262
2025-08-03 06:29:00,PUMP_004,0.0718618735167861,0.03255724404055304,-0.04247562647875409,-0.0472156669938512,0,6,3,8,6,40.4364674146789,0.0,0.0,0.0,2.181238229402651,0.0,0.0,0.0,315.71347510326785,0.0,0.0,0.0,1524.2630955003303,0.0,0.0,0.0,0.0,0.0,0.0,0.0,0.0,0.0,0.0,-0.1577479325202802,1,3,1.3930741726346396,-0.23967691187881263,-0.4821608468567178,-0.8127082269006383
2025-08-03 07:11:00,PUMP_001,-1.2882952066099682,0.22391000007202935,1.2450686266009858,1.7532679933179862,0,7,3,8,6,49.42730077373691,0.0,0.0,0.0,2.618908155986731,0.0,0.0,0.0,310.5974698193431,0.0,0.0,0.0,1485.0156244261557,0.0,0.0,0.0,0.0,0.0,0.0,0.0,0.0,0.0,0.0,-0.4973689066206659,1,0,-0.9192897497283251,-0.7286726058757113,0.8990378183841343,1.7410916225456357
2025-08-03 07:37:00,PUMP_003,0.3956761485624324,-0.743661286926126,1.8764313891575721,0.11917976513582397,0,7,3,8,6,51.47738762211592,0.0,0.0,0.0,1.4513270657166708,0.0,0.0,0.0,313.4092219855895,0.0,0.0,0.0,1497.8396623292097,0.0,0.0,0.0,0.0,0.0,0.0,0.0,0.0,0.0,0.0,0.1744296660050524,1,2,0.02175675353186002,0.23860160360859026,1.090403560014679,0.16474464638815162
2025-08-03 08:14:00,PUMP_001,2.106903225703778,1.6995788368189502,-0.43967689407677796,1.1001811426139696,0,8,3,8,6,43.15704942229071,0.0,0.0,0.0,2.121539249366065,0.0,0.0,0.0,320.6044681411047,0.0,0.0,0.0,1538.5342749229546,0.0,0.0,0.0,0.0,0.0,0.0,0.0,0.0,0.0,0.0,0.7561311718555372,1,0,2.4948642544241872,1.0761515585425303,-1.2108088955908163,-0.46288729578538745
2025-08-03 09:02:00,PUMP_003,0.6606972798029433,1.1771920951821357,0.14198607943695662,0.04341584538274068,0,9,3,8,6,51.66157005989796,0.0,0.0,0.0,1.6257567317217232,0.0,0.0,0.0,325.5115197552252,0.0,0.0,0.0,1502.8918658573214,0.0,0.0,0.0,0.0,0.0,0.0,0.0,0.0,0.0,0.0,0.9842432682782767,1,2,0.19004426122429127,1.4045936790411129,-1.2460877360064155,-0.053324035491214214
2025-08-03 09:54:00,PUMP_002,-1.1048086094516139,-2.0031736505130238,-0.04247562647875409,0.8090214600470467,0,9,3,8,6,44.90329266379965,0.0,0.0,0.0,2.415979093287256,0.0,0.0,0.0,302.756662046529,0.0,0.0,0.0,1499.2624816194725,0.0,0.0,0.0,0.0,0.0,0.0,0.0,0.0,0.0,0.0,-1.4355951821673063,1,1,-0.12459102568405646,-2.0795568083379696,0.7011975233690149,0.6078542528781543
2025-08-03 10:13:00,PUMP_001,-0.41519879980341495,1.2888683968681884,1.1435531532252916,0.36563569948862706,0,10,3,8,6,60.303739624409936,0.0,0.0,0.0,2.877670421221602,0.0,0.0,0.0,307.51035851520925,0.0,0.0,0.0,1524.289273773859,0.0,0.0,0.0,0.0,0.0,0.0,0.0,0.0,0.0,0.0,-0.2104476007895344,1,0,-1.862177244880171,-0.3155553552729276,1.1089270784478986,-0.5206754848602606
2025-08-03 10:29:00,PUMP_001,-1.6197546193487302,-0.06749008372266728,0.37480672426556594,-0.050876543863047234,0,10,3,8,6,47.56642751978625,0.0,0.0,0.0,2.667222820432068,0.0,0.0,0.0,319.81547376730083,0.0,0.0,0.0,1508.2675139265982,0.0,0.0,0.0,0.0,0.0,0.0,0.0,0.0,0.0,0.0,-0.6949966698803771,1,0,-0.8920383213040477,-1.013222538353299,-0.5605971663279022,-0.29505701866397843
2025-08-03 11:06:00,PUMP_001,0.4385194044328343,-1.3516863769993768,0.504794628569829,-2.3774047640591176,0,11,3,8,6,41.48308780322422,0.0,0.0,0.0,1.9722261505516907,0.0,0.0,0.0,313.84065448939305,0.0,0.0,0.0,1499.1826312976475,0.0,0.0,0.0,0.0,0.0,0.0,0.0,0.0,0.0,0.0,-0.6580208404132526,1,0,1.510456724178084,-0.9599837139865708,0.07735936688600811,-1.6500566709414943
2025-08-03 11:24:00,PUMP_003,-1.6798943584895443,1.4503080648879612,-0.04247562647875409,0.6296355620756757,0,11,3,8,6,53.0,0.0,0.0,0.0,2.61,0.0,0.0,0.0,312.03113547946504,0.0,0.0,0.0,1501.2393182324852,0.0,0.0,0.0,0.0,0.0,0.0,0.0,0.0,0.0,0.0,0.13994433783759863,1,2,-1.7285270617795303,0.18894867205857827,-0.1458491784889635,0.41629905042647786
2025-08-03 11:57:00,PUMP_004,1.0538591562182429,0.22391000007202935,0.48251695002357076,0.0038634650427198246,0,11,3,8,6,50.026218498590914,0.0,0.0,0.0,2.023490296882371,0.0,0.0,0.0,310.5974698193431,0.0,0.0,0.0,1499.2624816194725,0.0,0.0,0.0,0.0,0.0,0.0,0.0,0.0,0.0,0.0,0.09804895248369405,1,3,0.7179699375008769,0.128626534738683,0.3577490237088245,0.036660704507011733
2025-08-03 12:37:00,PUMP_001,0.281570384195937,0.22391000007202935,-0.257058662458641,-1.1999649699433177,0,12,3,8,6,51.87794033995823,0.0,0.0,0.0,1.314205310138438,0.0,0.0,0.0,314.8509411161328,0.0,0.0,0.0,1448.4368581522062,0.0,0.0,0.0,0.0,0.0,0.0,0.0,0.0,0.0,0.0,0.8073339392276269,1,0,-0.12066185798667436,1.1498747225255532,-0.5557041493207314,0.8357211961254882
2025-08-03 13:13:00,PUMP_002,0.12357221580846375,-2.240850083364817,-0.04247562647875409,-0.0472156669938512,0,13,3,8,6,44.083707436671126,0.0,0.0,0.0,0.9803839111199496,0.0,0.0,0.0,310.5974698193431,0.0,0.0,0.0,1517.938556394899,0.0,0.0,0.0,0.0,0.0,0.0,0.0,0.0,0.0,0.0,-0.12178515614034857,1,1,0.8993876848884842,-0.18789670943241737,-0.0149110958307321,-0.6070057519311503
2025-08-03 13:49:00,PUMP_003,-1.1471770749833077,0.027370536911694228,0.10983912642668228,0.027441386489125197,0,13,3,8,6,41.17936550349959,0.0,0.0,0.0,2.7499443378375985,0.0,0.0,0.0,310.5974698193431,0.0,0.0,0.0,1514.0258266867766,0.0,0.0,0.0,0.0,0.0,0.0,0.0,0.0,0.0,0.0,-0.7291117042749065,1,2,0.38715496279163764,-1.0623423106632093,0.09320783111399315,-0.4267831176404645
2025-08-03 14:17:00,PUMP_002,-1.4334367174197344,1.320512320200796,1.997138828490617,-0.2988401123449407,0,14,3,8,6,50.28737001512148,0.0,0.0,0.0,0.858598754979601,0.0,0.0,0.0,310.5974698193431,0.0,0.0,0.0,1499.2624816194725,0.0,0.0,0.0,0.0,0.0,0.0,0.0,0.0,0.0,0.0,1.8248383787426612,1,1,-1.1515574810664482,2.6149058233388716,1.4328864552649787,-0.1780826521329076
2025-08-03 15:16:00,PUMP_003,0.9095966241847231,-0.9773164361768274,-0.08252424540351463,1.0968024733104387,0,15,3,8,6,43.869734979009486,0.0,0.0,0.0,2.020832633562692,0.0,0.0,0.0,311.78128425761065,0.0,0.0,0.0,1500.8908864962614,0.0,0.0,0.0,0.0,0.0,0.0,0.0,0.0,0.0,0.0,-0.5148005564609628,1,2,1.5093520013994806,-0.7537711785823762,-0.15145808782606732,0.7590482192613982
2025-08-03 16:07:00,PUMP_002,1.5752882387314342,-2.410585564545795,-1.1621810491901163,-1.050160247292554,0,16,3,8,6,42.42404468900724,0.0,0.0,0.0,2.6834371337222622,0.0,0.0,0.0,326.44967713501285,0.0,0.0,0.0,1493.7740990110906,0.0,0.0,0.0,0.0,0.0,0.0,0.0,0.0,0.0,0.0,-1.9118106621540019,1,1,2.2102951361203895,-2.7652250587898077,-2.2575190411165753,-0.5325757526390631
2025-08-03 16:24:00,PUMP_004,-0.573465772207513,0.22391000007202935,2.0514016439753116,0.9971048429738635,0,16,3,8,6,54.9855761094891,0.0,0.0,0.0,2.121539249366065,0.0,0.0,0.0,314.6777954620771,0.0,0.0,0.0,1500.3766095394749,0.0,0.0,0.0,0.0,0.0,0.0,0.0,0.0,0.0,0.0,0.0,1,3,-1.2033327308318567,-0.012547065308942756,1.0987441895202357,0.7050475300901744
2025-08-03 17:26:00,PUMP_004,-0.9602498274684833,-0.19901941015734395,-1.2459575243888064,-1.598324315459916,0,17,3,8,6,46.76713557878737,0.0,0.0,0.0,2.121539249366065,0.0,0.0,0.0,326.87141635072567,0.0,0.0,0.0,1522.0409939237363,0.0,0.0,0.0,0.0,0.0,0.0,0.0,0.0,0.0,0.0,-0.216708588407869,1,3,-0.28989456684302417,-0.3245700988223898,-2.3555046905707973,-1.8408198280178905
2025-08-03 18:13:00,PUMP_004,-1.8280552430185515,0.9052209889866195,-0.04247562647875409,0.13257944227461474,0,18,3,8,6,44.81376922836772,0.0,0.0,0.0,1.904830660958196,0.0,0.0,0.0,301.24381746615245,0.0,0.0,0.0,1465.4300067258916,0.0,0.0,0.0,0.0,0.0,0.0,0.0,0.0,0.0,0.0,0.5658116280720418,1,3,-0.6440814200830619,0.8021242030763303,0.8393670940188086,1.2283584763070519
2025-08-03 18:58:00,PUMP_001,-0.5774949427236105,-0.48862451376629545,-0.8815486920907786,-1.0036818386078792,0,18,3,8,6,51.08530442156383,0.0,0.0,0.0,2.121539249366065,0.0,0.0,0.0,308.9296964004544,0.0,0.0,0.0,1474.1189419395157,0.0,0.0,0.0,0.0,0.0,0.0,0.0,0.0,0.0,0.0,-0.3651019412484129,1,0,-0.6376458961237461,-0.5382309622275454,-0.45819837170889505,0.13967103056948268
2025-08-03 19:16:00,PUMP_004,-2.4111737750820708,0.6547888078425863,-0.04247562647875409,-0.11072268144388633,0,19,3,8,6,40.43111209865822,0.0,0.0,0.0,2.4706422890302377,0.0,0.0,0.0,310.5974698193431,0.0,0.0,0.0,1503.184136963429,0.0,0.0,0.0,0.0,0.0,0.0,0.0,0.0,0.0,0.0,-0.1283211882526536,1,3,-0.43446006073175825,-0.1973074696694983,-0.0149110958307321,-0.17217864763503446
2025-08-03 19:32:00,PUMP_003,-0.5043591041525917,0.7238258573866198,0.5251532915065775,-1.133845860061582,0,19,3,8,6,54.25701046189414,0.0,0.0,0.0,1.5060320771017293,0.0,0.0,0.0,310.28620559567827,0.0,0.0,0.0,1524.2155789076105,0.0,0.0,0.0,0.0,0.0,0.0,0.0,0.0,0.0,0.0,0.8716635358111486,1,2,-1.0462241868115885,1.2424982591290423,0.4164420197793044,-1.5820377565020267
2025-08-03 20:27:00,PUMP_002,-0.8339664358177058,0.6098838064291866,0.1583870571656852,1.9453941017141922,0,20,3,8,6,57.618937050969045,0.0,0.0,0.0,0.7716264715682604,0.0,0.0,0.0,301.8949415302078,0.0,0.0,0.0,1477.3864529053233,0.0,0.0,0.0,0.0,0.0,0.0,0.0,0.0,0.0,0.0,1.5476853533505617,1,1,-1.7790852006759694,2.215853213723275,0.9224794319618065,2.1255243284259993
2025-08-03 20:54:00,PUMP_002,0.281570384195937,0.22391000007202935,0.8639716555415209,-0.0010263381329975927,0,20,3,8,6,45.45153524925774,0.0,0.0,0.0,2.319311824918822,0.0,0.0,0.0,312.15860648189005,0.0,0.0,0.0,1542.7248915797209,0.0,0.0,0.0,0.0,0.0,0.0,0.0,0.0,0.0,0.0,-0.19777257555275707,1,1,0.8162981042070442,-0.29730550254076354,0.4859402543499205,-1.380401381957139
2025-08-03 22:22:00,PUMP_002,-0.4874992782707594,1.4553202130608351,-0.7734860905182565,-1.4367613075765564,0,22,3,8,6,51.08530442156383,0.0,0.0,0.0,2.121539249366065,0.0,0.0,0.0,317.64252198609023,0.0,0.0,0.0,1500.2699541202426,0.0,0.0,0.0,0.0,0.0,0.0,0.0,0.0,0.0,0.0,0.6309733079643456,1,1,-0.5713800629835207,0.895945796296078,-1.1772421966875597,-1.0181119334870055
2025-08-03 23:50:00,PUMP_001,-0.5013716138882857,-0.6775582424648241,0.8358105190058314,0.265639323766708,0,23,3,8,6,46.74678715439087,0.0,0.0,0.0,1.756437308117652,0.0,0.0,0.0,304.0760607576113,0.0,0.0,0.0,1478.400230758005,0.0,0.0,0.0,0.0,0.0,0.0,0.0,0.0,0.0,0.0,-0.0968094454029289,1,0,0.05095455806092083,-0.15193598869818972,1.2041371679817892,0.9009034896511836
2025-08-04 01:07:00,PUMP_003,0.7675472424559695,2.141724237209411,2.4514293808647056,-1.8237997545636926,0,1,4,8,0,41.35209953495427,0.0,0.0,0.0,2.620856979826172,0.0,0.0,0.0,330.6704400175138,0.0,0.0,0.0,1499.2624816194725,0.0,0.0,0.0,0.0,0.0,0.0,0.0,0.0,0.0,0.0,0.4833682831069188,1,2,1.7718252139962718,0.6834199893762369,-0.07792440840135485,-1.2599164221087447
2025-08-04 02:05:00,PUMP_003,0.9775116286753921,0.22391000007202935,2.075440298982618,-0.0472156669938512,0,2,4,8,0,53.53962183484837,0.0,0.0,0.0,3.104225262933091,0.0,0.0,0.0,329.98049542287026,0.0,0.0,0.0,1460.5119810671852,0.0,0.0,0.0,0.0,0.0,0.0,0.0,0.0,0.0,0.0,-0.9826860135670259,1,2,0.14950474078191733,-1.4274456311531654,-0.2818027481532224,1.2607649230557487
2025-08-04 02:21:00,PUMP_004,1.0270908743088822,0.6900453663681402,-0.5724078061109484,-0.5008926453100571,0,2,4,8,0,37.48620239168892,0.0,0.0,0.0,2.342321100777584,0.0,0.0,0.0,310.5974698193431,0.0,0.0,0.0,1497.8772791876042,0.0,0.0,0.0,0.0,0.0,0.0,0.0,0.0,0.0,0.0,0.018065423792704483,1,3,2.5265748792878333,0.01346403270484031,-0.3910775375074876,-0.2763693322907862
2025-08-04 03:11:00,PUMP_002,1.692419217027556,-0.0511596287427571,-0.00736537317636947,-1.0992156806039783,0,3,4,8,0,47.20129012635864,0.0,0.0,0.0,2.7525125573304106,0.0,0.0,0.0,304.91594045106245,0.0,0.0,0.0,1468.9539870823617,0.0,0.0,0.0,0.0,0.0,0.0,0.0,0.0,0.0,0.0,-0.7719186986904238,1,1,1.6000262862338541,-1.1239770079830222,0.5289111425873271,0.23988518311516674
2025-08-04 03:29:00,PUMP_001,-0.20051791152653411,-0.9683662520471464,-0.6909958880542504,0.4190470771260386,0,3,4,8,0,47.13123099845917,0.0,0.0,0.0,1.6596278627147232,0.0,0.0,0.0,317.4236491625912,0.0,0.0,0.0,1506.0864127674972,0.0,0.0,0.0,0.0,0.0,0.0,0.0,0.0,0.0,0.0,-0.1490097206058767,1,0,0.21642858977324467,-0.22709539211050556,-1.0986975789835112,0.10925446706781188
2025-08-04 04:03:00,PUMP_004,1.3838642104698857,1.9376514956201496,0.8045883466155932,1.7833244552128853,0,4,4,8,0,54.85038888956864,0.0,0.0,0.0,2.3603865245702886,0.0,0.0,0.0,306.47875279696325,0.0,0.0,0.0,1489.3669691459538,0.0,0.0,0.0,0.0,0.0,0.0,0.0,0.0,0.0,0.0,0.6392720785546135,1,3,0.257603474642783,0.9078945962630365,0.9625342507289639,1.6208889033653
2025-08-04 04:43:00,PUMP_003,-0.04418744059474086,0.3052380993070282,-0.642940994367948,-1.6778733506017327,0,4,4,8,0,54.6,0.0,0.0,0.0,2.121539249366065,0.0,0.0,0.0,327.05824859337685,0.0,0.0,0.0,1499.2624816194725,0.0,0.0,0.0,0.0,0.0,0.0,0.0,0.0,0.0,0.0,0.041672433169292145,1,2,-0.7573967807813115,0.04745405927452934,-1.9445237095619101,-1.1563936091984355
2025-08-04 05:40:00,PUMP_002,0.8210043368582628,0.19422342872702,0.9972638868231026,-1.0868056990833053,0,5,4,8,0,58.21048085553721,0.0,0.0,0.0,1.9805938586399867,0.0,0.0,0.0,310.87035228146675,0.0,0.0,0.0,1476.3164655014468,0.0,0.0,0.0,0.0,0.0,0.0,0.0,0.0,0.0,0.0,0.1257340225515231,1,1,-0.6467391501152506,0.16848826614979803,0.698213768940916,0.009228114341208514
2025-08-04 06:23:00,PUMP_004,1.2596453476514775,0.6428672548135821,-0.9297691706321511,-0.22368941454252453,0,6,4,8,0,56.65219281634542,0.0,0.0,0.0,2.999658603124902,0.0,0.0,0.0,317.18098548251686,0.0,0.0,0.0,1539.1898605219742,0.0,0.0,0.0,0.0,0.0,0.0,0.0,0.0,0.0,0.0,-0.6634460936773556,1,3,-0.09656190646864099,-0.9677951440433166,-1.2460254174996421,-1.423387449849402
2025-08-04 07:17:00,PUMP_002,-0.9130827704930803,-0.13602966634054087,-0.047650597525198936,1.24072497169614,0,7,4,8,0,53.80959493217833,0.0,0.0,0.0,2.10632788119151,0.0,0.0,0.0,318.6784903666318,0.0,0.0,0.0,1476.5871495625815,0.0,0.0,0.0,0.0,0.0,0.0,0.0,0.0,0.0,0.0,-0.16922134124133392,1,1,-1.2819441259182975,-0.25619664383860435,-0.7566319773718595,1.6516163283439238
2025-08-04 07:57:00,PUMP_003,-0.5155619523307392,-0.14345936315945268,1.258642272540984,-0.6813905317834562,0,7,4,8,0,49.44013739702692,0.0,0.0,0.0,2.163211682535357,0.0,0.0,0.0,305.9305576612792,0.0,0.0,0.0,1463.6948989132277,0.0,0.0,0.0,0.0,0.0,0.0,0.0,0.0,0.0,0.0,-0.2299121114811291,1,2,-0.35218042370190017,-0.3435808973913394,1.3349065573671985,0.7073470664962519
2025-08-04 09:17:00,PUMP_001,-0.37239460363211657,0.06736934234670024,-0.3649838016929875,-0.0472156669938512,0,9,4,8,0,48.65062532353314,0.0,0.0,0.0,1.5106181421088465,0.0,0.0,0.0,305.55706739923886,0.0,0.0,0.0,1509.4325123261212,0.0,0.0,0.0,0.0,0.0,0.0,0.0,0.0,0.0,0.0,0.5307098376136694,1,0,-0.13165343873932908,0.7515836720293521,0.21650494415243604,-0.3303509178034704
2025-08-04 09:52:00,PUMP_003,1.0963170095025605,-0.6963480206163181,-1.2862104860139674,-0.8393688056399702,0,9,4,8,0,47.05956586842724,0.0,0.0,0.0,1.933299571054228,0.0,0.0,0.0,320.70996467205254,0.0,0.0,0.0,1485.429984964675,0.0,0.0,0.0,0.0,0.0,0.0,0.0,0.0,0.0,0.0,-0.2832995710542281,1,2,1.1817659936909308,-0.4204496417727226,-1.821346416367991,-0.11164837548255695
2025-08-04 11:02:00,PUMP_002,-0.708082981951944,0.22391000007202935,-0.26711205918952735,0.164295236454613,0,11,4,8,0,45.0519758987071,0.0,0.0,0.0,1.937106539950176,0.0,0.0,0.0,310.55724912288696,0.0,0.0,0.0,1527.3547879617738,0.0,0.0,0.0,0.0,0.0,0.0,0.0,0.0,0.0,0.0,0.18443270941588907,1,1,0.14584919578030198,0.2530042628310368,-0.17069336437828037,-0.7632143445099747
2025-08-04 11:30:00,PUMP_001,0.034243169489212126,-0.5435615766469347,-1.0365273311575325,0.10858411770405298,0,11,4,8,0,47.78260053757356,0.0,0.0,0.0,2.041327979722516,0.0,0.0,0.0,308.09088508611654,0.0,0.0,0.0,1499.2624816194725,0.0,0.0,0.0,0.0,0.0,0.0,0.0,0.0,0.0,0.0,-0.31304036528939827,1,0,0.2943197818041723,-0.4632712618318751,-0.4915987732709956,0.11095141707833432
2025-08-04 13:10:00,PUMP_003,-0.2726057086617459,-0.37573931334085703,-0.04247562647875409,-0.9049118222092845,0,13,4,8,0,55.2,0.0,0.0,0.0,1.65,0.0,0.0,0.0,300.93096505858244,0.0,0.0,0.0,1481.9841941174204,0.0,0.0,0.0,0.0,0.0,0.0,0.0,0.0,0.0,0.0,0.16427956700210444,1,2,-1.013065367927707,0.22398720966772404,0.8679402094540651,-0.046073143128078003
2025-08-04 13:32:00,PUMP_004,1.2767064922877123,-2.134996114878446,-1.1107363509093993,-0.7286455591500905,0,13,4,8,0,56.02485323650375,0.0,0.0,0.0,2.3362125094475465,0.0,0.0,0.0,303.70128354379216,0.0,0.0,0.0,1495.4132711600885,0.0,0.0,0.0,0.0,0.0,0.0,0.0,0.0,0.0,0.0,-1.42337429149087,1,3,0.007465742607098509,-2.061960831135991,-0.14336862847654303,-0.3578007113349657
2025-08-04 13:54:00,PUMP_002,0.8711418014676438,-1.848469580058427,0.06491856519739818,1.1078857228311099,0,13,4,8,0,46.0872814738276,0.0,0.0,0.0,2.121539249366065,0.0,0.0,0.0,308.85155980516976,0.0,0.0,0.0,1503.875915589888,0.0,0.0,0.0,0.0,0.0,0.0,0.0,0.0,0.0,0.0,-1.0618851340033206,1,1,1.1577219872240656,-1.5414787204353444,0.22077713618044442,0.6698242955165215
2025-08-04 14:26:00,PUMP_002,1.304033683437685,0.22391000007202935,-0.474217384068641,-1.2255118377584648,0,14,4,8,0,54.06280298181533,0.0,0.0,0.0,1.0596541153627443,0.0,0.0,0.0,311.4321545249752,0.0,0.0,0.0,1524.4573245529064,0.0,0.0,0.0,0.0,0.0,0.0,0.0,0.0,0.0,0.0,1.0618851340033206,1,1,0.31365127301312445,1.5163845898174588,-0.3976107306334059,-1.6549299044418508
2025-08-04 14:58:00,PUMP_003,0.281570384195937,0.7380026355826816,0.30565427578421295,0.9837750762196104,0,14,4,8,0,48.28656202959826,0.0,0.0,0.0,1.8142795670021044,0.0,0.0,0.0,310.5974698193431,0.0,0.0,0.0,1480.554582810228,0.0,0.0,0.0,0.0,0.0,0.0,0.0,0.0,0.0,0.0,0.5706802122627277,1,2,0.4029555670598114,0.8091341255683465,0.23220502885229366,1.340292671291817
2025-08-04 16:04:00,PUMP_003,1.2400817093606884,-0.6671122014622921,1.1025976128246566,-0.42715532344933527,0,16,4,8,0,51.08530442156383,0.0,0.0,0.0,2.384959779264832,0.0,0.0,0.0,313.30319068242613,0.0,0.0,0.0,1521.7502476891018,0.0,0.0,0.0,0.0,0.0,0.0,0.0,0.0,0.0,0.0,-0.7199793760425057,1,2,0.7006766984017745,-1.04919333129396,0.5507902350840485,-1.000515126011592
2025-08-04 16:50:00,PUMP_004,0.2314288350353093,-0.9656497091500698,-0.14493970894649738,0.3690088439583531,0,16,4,8,0,56.11101673103968,0.0,0.0,0.0,0.9128382179566764,0.0,0.0,0.0,302.2947778916589,0.0,0.0,0.0,1484.3992676589864,0.0,0.0,0.0,0.0,0.0,0.0,0.0,0.0,0.0,0.0,0.5991718778974905,1,3,-0.7747582257621839,0.8501572156383971,0.6706488685456471,0.7791200061970122
2025-08-04 17:29:00,PUMP_001,2.3224664840756475,0.22391000007202935,0.9996974495282854,-0.0472156669938512,0,17,4,8,0,49.83623364892001,0.0,0.0,0.0,1.7282876144331176,0.0,0.0,0.0,302.8715421732284,0.0,0.0,0.0,1502.6607556922977,0.0,0.0,0.0,0.0,0.0,0.0,0.0,0.0,0.0,0.0,0.39325163493294735,1,0,1.6797735621372265,0.5536675409851072,1.4304803328163052,-0.1101029161313302
2025-08-04 18:12:00,PUMP_003,0.6804981766074717,-1.1842490924388323,-1.4632414201890487,-0.2683046715632704,0,18,4,8,0,55.92605145755445,0.0,0.0,0.0,1.6649804032223263,0.0,0.0,0.0,319.49716080595937,0.0,0.0,0.0,1490.9753130186025,0.0,0.0,0.0,0.0,0.0,0.0,0.0,0.0,0.0,0.0,-0.2649804032223264,1,2,-0.4171307110710431,-0.3940731960566267,-1.8362432890068265,0.11311575707821869
2025-08-04 19:08:00,PUMP_001,1.1587148496797979,1.110276828585167,0.03588129607685539,1.490475577086374,0,19,4,8,0,61.39239364094203,0.0,0.0,0.0,2.121539249366065,0.0,0.0,0.0,318.6974044022841,0.0,0.0,0.0,1499.2624816194725,0.0,0.0,0.0,0.0,0.0,0.0,0.0,0.0,0.0,0.0,0.4541734378663014,1,0,-0.8619932814571121,0.6413844418150666,-0.6990652325469395,1.0912900475655383
2025-08-04 19:34:00,PUMP_004,-0.6854066734081418,-0.01655630586109968,-0.20810225166746163,-0.0472156669938512,0,19,4,8,0,50.83207574381444,0.0,0.0,0.0,1.512010095854167,0.0,0.0,0.0,309.8011027050921,0.0,0.0,0.0,1508.341088286265,0.0,0.0,0.0,0.0,0.0,0.0,0.0,0.0,0.0,0.0,0.48631446931634636,1,3,-0.680183380930574,0.6876619899592082,-0.05974632164980165,-0.2948528961299487
2025-08-04 20:33:00,PUMP_003,-0.8231818358843116,-0.9009092271676952,-1.285792556924358,0.9544703488933612,0,20,4,8,0,53.1,0.0,0.0,0.0,1.4,0.0,0.0,0.0,299.5550525360012,0.0,0.0,0.0,1494.440132002804,0.0,0.0,0.0,0.0,0.0,0.0,0.0,0.0,0.0,0.0,0.14518305125501385,1,2,-1.112290196530547,0.19649151687252261,0.11104899876135832,0.8678828202545381
2025-08-04 21:42:00,PUMP_004,0.21241272757540638,-0.23044296565931713,0.9413802515940843,-0.0472156669938512,0,21,4,8,0,46.20180309760889,0.0,0.0,0.0,1.9983245651705133,0.0,0.0,0.0,309.3101933965421,0.0,0.0,0.0,1499.2624816194725,0.0,0.0,0.0,0.0,0.0,0.0,0.0,0.0,0.0,0.0,-0.1095953012560833,1,3,0.6559878687208973,-0.1703454184244277,0.8010362265637962,0.0004242504735020486
2025-08-04 23:00:00,PUMP_004,0.6681888147909001,-1.4957056040453272,-0.04247562647875409,-0.7684629157850769,0,23,4,8,0,45.25300555584028,0.0,0.0,0.0,3.316191032418695,0.0,0.0,0.0,314.9331790088089,0.0,0.0,0.0,1504.620903092372,0.0,0.0,0.0,0.0,0.0,0.0,0.0,0.0,0.0,0.0,-2.0757810239117838,1,3,1.1299192791822237,-3.001314131483442,-0.4108956437092355,-0.6855214884608458
2025-08-04 23:17:00,PUMP_003,0.9508725828604143,0.22391000007202935,-0.16436643645962365,-0.0472156669938512,0,23,4,8,0,45.50600045878768,0.0,0.0,0.0,1.5451830512550138,0.0,0.0,0.0,300.9342132698096,0.0,0.0,0.0,1521.111058775734,0.0,0.0,0.0,0.0,0.0,0.0,0.0,0.0,0.0,0.0,0.5763561981110512,1,2,1.301179432465669,0.8173065673510415,0.7811207164501764,-0.7101898070386448
2025-08-04 23:50:00,PUMP_002,0.6927823946382649,0.9357341966924755,0.6806992326179708,-1.8131449295122477,0,23,4,8,0,56.24902659705607,0.0,0.0,0.0,2.121539249366065,0.0,0.0,0.0,307.2419043439801,0.0,0.0,0.0,1473.5617187141663,0.0,0.0,0.0,0.0,0.0,0.0,0.0,0.0,0.0,0.0,0.36473797544730013,1,1,-0.45517484266008573,0.5126127835588064,0.8048935713134464,-0.41645322314252375
2025-08-05 00:12:00,PUMP_001,-1.2395431944369801,-0.2340570897629033,-0.04247562647875409,0.12368539306851796,0,0,5,8,1,63.80380967863092,0.0,0.0,0.0,1.8921572365493715,0.0,0.0,0.0,310.5974698193431,0.0,0.0,0.0,1528.576647572248,0.0,0.0,0.0,0.0,0.0,0.0,0.0,0.0,0.0,0.0,-0.005279846053709569,1,0,-2.9794653969520772,-0.020149134032964963,-0.0149110958307321,-0.8317640705159386
2025-08-05 00:52:00,PUMP_003,0.281570384195937,-1.8098759926714614,0.9536120736753423,0.42120139955889946,0,0,5,8,1,54.46546545806508,0.0,0.0,0.0,2.121539249366065,0.0,0.0,0.0,309.6501150950304,0.0,0.0,0.0,1499.2624816194725,0.0,0.0,0.0,0.0,0.0,0.0,0.0,0.0,0.0,0.0,-1.0421098201047456,1,2,-0.49791903406245597,-1.513005675242965,0.7786734687458813,0.33272773379223813
2025-08-05 01:13:00,PUMP_001,0.4920116767865742,0.1893755702776445,0.23007652061962386,-1.476771824516576,0,1,5,8,1,43.40326055431297,0.0,0.0,0.0,1.886877390495662,0.0,0.0,0.0,310.5974698193431,0.0,0.0,0.0,1502.9901417221768,0.0,0.0,0.0,0.0,0.0,0.0,0.0,0.0,0.0,0.0,0.21696645308589413,1,0,1.2698860591493522,0.29984724891684006,0.1785570030805571,-1.1349688559735414
2025-08-05 01:50:00,PUMP_002,0.42063738862366906,-0.5863452768182034,-0.36738763299954924,-0.1899548823389996,0,1,5,8,1,53.1620386952776,0.0,0.0,0.0,2.486277224813365,0.0,0.0,0.0,316.218099622172,0.0,0.0,0.0,1460.7443820027386,0.0,0.0,0.0,0.0,0.0,0.0,0.0,0.0,0.0,0.0,-0.7799119336964546,1,1,-0.20548325486594288,-1.1354858893452757,-0.7588838568001143,1.151944434683593
2025-08-05 02:46:00,PUMP_001,1.1844997465560951,-0.09175640443290607,-0.04247562647875409,1.002695458085234,0,2,5,8,1,52.14809109566293,0.0,0.0,0.0,2.103843843581556,0.0,0.0,0.0,312.7157883719537,0.0,0.0,0.0,1468.0812856044922,0.0,0.0,0.0,0.0,0.0,0.0,0.0,0.0,0.0,0.0,-0.14405173043605202,1,0,0.5047977884496688,-0.21995674041107724,-0.20837919474202132,1.7594028906991035
2025-08-05 03:23:00,PUMP_003,0.689805627674229,-0.7481688378799314,-0.6783905965650685,-0.520588659596695,0,3,5,8,1,51.08530442156383,0.0,0.0,0.0,1.0794294292613194,0.0,0.0,0.0,318.33922154548907,0.0,0.0,0.0,1509.479501980711,0.0,0.0,0.0,0.0,0.0,0.0,0.0,0.0,0.0,0.0,0.5440176380560156,1,2,0.29549603517998285,0.7707446120452469,-1.1733699720163342,-0.6676985391497463
2025-08-05 06:09:00,PUMP_003,-1.2826019996297826,0.1165579228514549,0.24988455821949454,-2.6173650333336997,0,6,5,8,1,53.147005199606056,0.0,0.0,0.0,1.623447067317335,0.0,0.0,0.0,305.65503772567683,0.0,0.0,0.0,1488.937363579951,0.0,0.0,0.0,0.0,0.0,0.0,0.0,0.0,0.0,0.0,0.4430850897197618,1,2,-1.4574248882982348,0.6254191307456929,0.6440146597529447,-1.487066582986061
2025-08-05 06:27:00,PUMP_002,-1.508802330152317,0.6079398471371439,-0.43466602091756473,-1.0256498485398555,0,6,5,8,1,36.76373560051246,0.0,0.0,0.0,2.364771383317907,0.0,0.0,0.0,307.8189610162606,0.0,0.0,0.0,1524.8964382179624,0.0,0.0,0.0,0.0,0.0,0.0,0.0,0.0,0.0,0.0,-0.04645564111149891,1,1,0.7646741863010191,-0.0794351852949412,-0.039539150787809306,-1.5274261708561907
2025-08-05 07:15:00,PUMP_004,0.6241437094841392,-1.5087299855023366,0.950550637440268,0.22455626436519321,0,7,5,8,1,56.66929809880357,0.0,0.0,0.0,2.1589075328145686,0.0,0.0,0.0,330.42396422714074,0.0,0.0,0.0,1512.1293776307398,0.0,0.0,0.0,0.0,0.0,0.0,0.0,0.0,0.0,0.0,-0.9251712037732289,1,3,-0.5669899888082061,-1.3446342134993654,-1.1207955547075161,-0.2252652234309902
2025-08-05 08:14:00,PUMP_001,-0.0294625500287734,0.039717965777656614,1.3450716355608923,-0.39345699026872216,0,8,5,8,1,55.64534718767571,0.0,0.0,0.0,1.959792113145504,0.0,0.0,0.0,310.5974698193431,0.0,0.0,0.0,1522.1629353142264,0.0,0.0,0.0,0.0,0.0,0.0,0.0,0.0,0.0,0.0,0.06736733008161422,1,0,-0.8989645220463841,0.08445028420175013,0.9700238378848294,-0.9900313818251862
2025-08-05 08:31:00,PUMP_002,-0.5647208051469791,-0.5314344870245544,-0.9211086177281081,-0.6500732177517853,0,8,5,8,1,42.04342752062046,0.0,0.0,0.0,2.318315742206408,0.0,0.0,0.0,307.54930381683664,0.0,0.0,0.0,1477.921068872588,0.0,0.0,0.0,0.0,0.0,0.0,0.0,0.0,0.0,0.0,-0.5838142197073168,1,1,0.6900517117935424,-0.8531389642258037,-0.3602069426487618,0.2668650605457706
2025-08-05 09:03:00,PUMP_004,0.281570384195937,-0.17733339559462077,-0.5997805718768366,-1.3585120307116583,0,9,5,8,1,52.81539436986286,0.0,0.0,0.0,1.2337363290413397,0.0,0.0,0.0,318.3154275770928,0.0,0.0,0.0,1505.1903172057016,0.0,0.0,0.0,0.0,0.0,0.0,0.0,0.0,0.0,0.0,0.6822062231460131,1,3,-0.25734121137646315,0.9697123679311344,-1.115396397240435,-1.122632841909891
2025-08-05 10:33:00,PUMP_001,0.34968993075359883,0.22391000007202935,0.7279632060865665,2.2906302198023667,0,10,5,8,1,49.51450216298338,0.0,0.0,0.0,2.0271594432271183,0.0,0.0,0.0,321.38170740137804,0.0,0.0,0.0,1491.7103343934211,0.0,0.0,0.0,0.0,0.0,0.0,0.0,0.0,0.0,0.0,0.0943798061389467,1,0,0.2740817424828691,0.12334359610988209,-0.45295862524327785,1.9045639437642168
2025-08-05 11:00:00,PUMP_004,-0.16644233724827578,0.08637109984930935,0.5896791967523737,0.031157434406601826,0,11,5,8,1,51.08530442156383,0.0,0.0,0.0,1.9159425521873528,0.0,0.0,0.0,306.2660073162343,0.0,0.0,0.0,1470.6607448246968,0.0,0.0,0.0,0.0,0.0,0.0,0.0,0.0,0.0,0.0,0.13512190824816384,1,3,-0.3349786117396868,0.18200520424101108,0.8294136420884753,0.986280737981474
2025-08-05 12:24:00,PUMP_002,1.1593965971435798,0.11607173322983193,0.08311949143050851,1.9709822175039389,0,12,5,8,1,46.81130007874342,0.0,0.0,0.0,1.7345015224990912,0.0,0.0,0.0,303.76859473575234,0.0,0.0,0.0,1486.1130720209935,0.0,0.0,0.0,0.0,0.0,0.0,0.0,0.0,0.0,0.0,0.3317815114833016,1,1,1.2644096833895209,0.46516115307441885,0.6979290164948861,1.8598480701837456
2025-08-05 13:23:00,PUMP_004,-0.5648327915723108,-0.47595879452488515,-0.04247562647875409,-1.1026422524196977,0,13,5,8,1,48.82271638897653,0.0,0.0,0.0,2.0510644604355166,0.0,0.0,0.0,315.5106774547591,0.0,0.0,0.0,1500.9719401980738,0.0,0.0,0.0,0.0,0.0,0.0,0.0,0.0,0.0,0.0,-0.2881372509972451,1,3,-0.298440619681768,-0.42741506747217084,-0.4636391398772295,-0.803913618961582
2025-08-05 14:19:00,PUMP_001,-0.8523580050475464,0.5666998377981727,-0.04247562647875409,-0.1220061841002683,0,14,5,8,1,51.429326953624525,0.0,0.0,0.0,2.121539249366065,0.0,0.0,0.0,316.5854427267284,0.0,0.0,0.0,1550.2551134691587,0.0,0.0,0.0,0.0,0.0,0.0,0.0,0.0,0.0,0.0,0.1756451550955198,1,0,-0.8901917100618658,0.24035169849867527,-0.5617985001337478,-1.7111433636158713
2025-08-05 14:45:00,PUMP_002,-0.4698340563569835,0.6101447321159195,-0.04247562647875409,0.379857960703533,0,14,5,8,1,55.51856934695299,0.0,0.0,0.0,2.0662830339823928,0.0,0.0,0.0,311.57361501290296,0.0,0.0,0.0,1543.2830144977297,0.0,0.0,0.0,0.0,0.0,0.0,0.0,0.0,0.0,0.0,0.253162488985994,1,1,-1.2047359590938633,0.35196330488714744,-0.10406338816498997,-1.128347885902461
2025-08-05 15:40:00,PUMP_003,0.281570384195937,-1.3469567352492164,-0.4836091578035232,-1.4522576862872574,1,15,5,8,1,43.18580169061668,0.0,0.0,0.0,2.0665321570370967,0.0,0.0,0.0,312.86973958453933,0.0,0.0,0.0,1443.2028922441973,0.0,0.0,0.0,0.0,0.0,0.0,0.0,0.0,0.0,0.0,-0.7499033834020048,1,2,1.14663856664029,-1.0922787466888333,-0.5355734216025727,0.8269723365906491
2025-08-05 16:16:00,PUMP_004,-0.2809746564437383,0.22391000007202935,0.5975417680102637,-0.8201847133337913,0,16,5,8,1,46.8107345163528,0.0,0.0,0.0,1.7629272094382715,0.0,0.0,0.0,310.5974698193431,0.0,0.0,0.0,1476.241725795082,0.0,0.0,0.0,0.0,0.0,0.0,0.0,0.0,0.0,0.0,0.35861203992779345,1,3,0.20391437112455235,0.5037924917653555,0.4393981066473276,0.20080470377048837
2025-08-05 16:31:00,PUMP_004,0.5801468827237549,0.22391000007202935,0.8480821440339461,1.1062880739160075,0,16,5,8,1,48.2442965308958,0.0,0.0,0.0,2.121539249366065,0.0,0.0,0.0,315.5717866066925,0.0,0.0,0.0,1482.4026337424891,0.0,0.0,0.0,0.0,0.0,0.0,0.0,0.0,0.0,0.0,0.0,1,3,0.6289664071594931,-0.012547065308942756,0.16293219311729262,1.3670986597411445
2025-08-05 16:52:00,PUMP_002,-0.40868170257343917,0.1114236259893253,0.3529811508113608,-0.616064414059413,0,16,5,8,1,47.290504378057264,0.0,0.0,0.0,2.319445522968387,0.0,0.0,0.0,310.5974698193431,0.0,0.0,0.0,1508.577727073794,0.0,0.0,0.0,0.0,0.0,0.0,0.0,0.0,0.0,0.0,-0.2555441742849953,1,1,0.03993109219999025,-0.3804866520272231,0.2657994827444859,-0.7061009764665906
2025-08-05 17:40:00,PUMP_001,1.616609363061006,-0.07744576576503945,-0.8336927504118952,2.1427200784637193,1,17,5,8,1,45.35865274291775,0.0,0.0,0.0,2.297184404461585,0.0,0.0,0.0,310.5974698193431,0.0,0.0,0.0,1497.63116566054,0.0,0.0,0.0,0.0,0.0,0.0,0.0,0.0,0.0,0.0,-0.3300595349980784,1,0,1.8128594764932393,-0.48777593420963916,-0.5765477382973572,1.6070617527146471
2025-08-05 18:26:00,PUMP_001,0.15473711419075095,1.1244145826997538,-0.8174878768964795,0.9919037846890097,0,18,5,8,1,57.8276201461717,0.0,0.0,0.0,1.9671248694635064,0.0,0.0,0.0,304.448004733068,0.0,0.0,0.0,1547.028926736015,0.0,0.0,0.0,1.0,0.0,0.0,0.0,0.0,0.0,0.0,0.6158319882221941,1,0,-1.0815061992685278,0.8741449043607235,-0.0034082472731174016,-0.8159855056774892
2025-08-05 19:17:00,PUMP_002,-0.6495645093691854,0.7001668547012543,0.4349892256137739,0.2654687205185683,0,19,5,8,1,47.59934066152075,0.0,0.0,0.0,2.0639013486833915,0.0,0.0,0.0,313.67102266788066,0.0,0.0,0.0,1486.854865317176,0.0,0.0,0.0,0.0,0.0,0.0,0.0,0.0,0.0,0.0,0.3016714159454126,1,1,-0.18246419400753788,0.42180780276128155,0.04330142054937493,0.6257996951321958
2025-08-05 21:43:00,PUMP_004,-0.012533211551009317,1.3918685667840425,-0.9896246856636807,2.0507782983666605,0,21,5,8,1,44.18389729954798,0.0,0.0,0.0,3.2820289746501734,0.0,0.0,0.0,297.8424662583275,0.0,0.0,0.0,1503.8561828433517,0.0,0.0,0.0,0.0,0.0,0.0,0.0,0.0,0.0,0.0,-0.5620289746501732,1,3,0.784562667931115,-0.8217719644289606,0.4776926304543733,1.3393710277927955
2025-08-05 22:21:00,PUMP_004,-0.6667869273138222,-0.02722978752574033,-2.1669196636217216,0.6338397023919695,0,22,5,8,1,49.6,0.0,0.0,0.0,2.72,0.0,0.0,0.0,303.2360769794073,0.0,0.0,0.0,1545.0235108227705,0.0,0.0,0.0,0.0,0.0,0.0,0.0,0.0,0.0,0.0,-0.7271445156949843,1,3,-0.4868384974272976,-1.0595098980084554,-0.8506007928968016,-1.0047774484234444
2025-08-05 23:28:00,PUMP_002,1.0800025778448998,-1.080451989985712,0.3594518425101548,0.5354653244221059,0,23,5,8,1,46.38281592946588,0.0,0.0,0.0,2.365572764628804,0.0,0.0,0.0,314.30840244333746,0.0,0.0,0.0,1506.0826916032092,0.0,0.0,0.0,0.0,0.0,0.0,0.0,0.0,0.0,0.0,-0.9123872376605016,1,1,1.268422409046971,-1.3262275046737846,-0.06853046394569311,0.19196469245966252
2025-08-06 01:01:00,PUMP_002,0.2729786994674659,-2.0056157814280207,-0.43737796270148643,-0.7950717009027675,0,1,6,8,2,55.1176076123283,0.0,0.0,0.0,1.4531855269683025,0.0,0.0,0.0,313.7213139109316,0.0,0.0,0.0,1511.971804098296,0.0,0.0,0.0,0.0,0.0,0.0,0.0,0.0,0.0,0.0,-0.4740529611804477,1,1,-0.599326606339803,-0.6951016612309224,-0.5805318374442792,-0.9434826217800798
2025-08-06 01:30:00,PUMP_001,-0.11055949871634171,-0.7274537491074394,0.13207472378148427,-1.2313590460229362,0,1,6,8,2,58.13259735849841,0.0,0.0,0.0,0.7593525067173992,0.0,0.0,0.0,315.13835193065546,0.0,0.0,0.0,1493.579742289524,0.0,0.0,0.0,0.0,0.0,0.0,0.0,0.0,0.0,0.0,0.8747089504674925,1,0,-1.3213152737356757,1.2468831315808453,-0.3057316692245342,-0.6548000808788303
2025-08-06 01:53:00,PUMP_002,0.16742137104892482,-0.28068735183487914,0.15157727530663062,0.9955649568042781,0,1,6,8,2,51.04191403973776,0.0,0.0,0.0,0.9791325657878548,0.0,0.0,0.0,307.52822617479404,0.0,0.0,0.0,1482.950393800055,0.0,0.0,0.0,0.0,0.0,0.0,0.0,0.0,0.0,0.0,0.8838515270881727,1,1,-0.082820998701578,1.2600468668636604,0.4031522049149709,1.2707340688013125
2025-08-06 02:23:00,PUMP_003,0.17062903226261347,0.22391000007202935,1.5085095113290572,-0.07526629442360099,0,2,6,8,2,51.08530442156383,0.0,0.0,0.0,1.316628773635092,0.0,0.0,0.0,307.16890998764745,0.0,0.0,0.0,1468.615983136481,0.0,0.0,0.0,1.0,0.0,0.0,0.0,0.0,0.0,0.0,0.8049104757309731,1,2,-0.08678537638602236,1.1463853525961445,1.399172101920241,0.9772866850207659
2025-08-06 03:19:00,PUMP_004,1.4046946214446296,0.43961707632105856,-0.8652173056803137,-0.041031105717064496,0,3,6,8,2,46.295837960161485,0.0,0.0,0.0,1.992855484305016,0.0,0.0,0.0,294.0859535250371,0.0,0.0,0.0,1514.117526563404,0.0,0.0,0.0,0.0,0.0,0.0,0.0,0.0,0.0,0.0,0.23921184580663613,1,3,1.520181722061424,0.33187678207664273,0.9090877910625184,-0.47834122657281114
2025-08-06 04:09:00,PUMP_002,-0.5782626576419652,-0.48546335421446757,-0.5315215952577147,0.47276278241000486,0,4,6,8,2,50.50882036493813,0.0,0.0,0.0,1.8629840928760275,0.0,0.0,0.0,312.10567977628585,0.0,0.0,0.0,1522.0074062313313,0.0,0.0,0.0,0.0,0.0,0.0,0.0,0.0,0.0,0.0,-0.10492700990318826,1,1,-0.5541606945274116,-0.16362388311308418,-0.4998012031496453,-0.3704610055150559
2025-08-06 04:41:00,PUMP_001,0.5843009528839016,-0.5731042137172246,-0.150684397029485,2.441999899358395,0,4,6,8,2,49.104940164412575,0.0,0.0,0.0,1.6340614571848917,0.0,0.0,0.0,311.9541028499663,0.0,0.0,0.0,1473.4341805645977,0.0,0.0,0.0,0.0,0.0,0.0,0.0,0.0,0.0,0.0,0.07908854084581884,1,0,0.5065446265834315,0.10132680841321418,-0.21562450108370926,2.6063710875808765
2025-08-06 05:30:00,PUMP_002,-0.8572527434025183,0.7218103717743346,-1.57046063285833,0.633354100024892,0,5,6,8,2,46.74290998192776,0.0,0.0,0.0,1.7580570829728392,0.0,0.0,0.0,306.7965269180568,0.0,0.0,0.0,1510.604148660048,0.0,0.0,0.0,0.0,0.0,0.0,0.0,0.0,0.0,0.0,0.6186057972157815,1,1,-0.21052344113530247,0.8781387114494258,-0.7523903732064621,0.11435061662174058
2025-08-06 06:08:00,PUMP_001,-0.1881439372042171,-1.641494436206504,0.3943092513882549,0.7283927300892644,0,6,6,8,2,52.6141774401775,0.0,0.0,0.0,1.7131499980307106,0.0,0.0,0.0,309.7564540773902,0.0,0.0,0.0,1553.5567589652967,0.0,0.0,0.0,0.0,0.0,0.0,0.0,0.0,0.0,0.0,-0.5474420349695053,1,0,-0.5738653190425904,-0.8007692842754941,0.3719465613208346,-1.215239464725406
2025-08-06 08:28:00,PUMP_002,0.281570384195937,-1.34334354075217,-0.9846031349481728,-2.632191022983033,0,8,6,8,2,45.333932961772014,0.0,0.0,0.0,2.3766628801886207,0.0,0.0,0.0,298.7217277949869,0.0,0.0,0.0,1514.1069347006685,0.0,0.0,0.0,0.0,0.0,0.0,0.0,0.0,0.0,0.0,-1.0581827094641816,1,1,0.8334443365533322,-1.5361478669396698,0.40095330868885815,-2.316212133627673
2025-08-06 09:47:00,PUMP_001,-0.03958717249544834,-0.73142998043986,-0.37660008167669373,-0.0472156669938512,0,9,6,8,2,48.71311731288328,0.0,0.0,0.0,1.1657079630612053,0.0,0.0,0.0,313.9922312260528,0.0,0.0,0.0,1516.1798984925686,0.0,0.0,0.0,0.0,0.0,0.0,0.0,0.0,0.0,0.0,0.4663160773387798,1,0,0.10428892705019047,0.6588677507641882,-0.5621324796608546,-0.5498062821985087
2025-08-06 11:13:00,PUMP_001,-1.5433580817462496,0.0031899561369067423,-0.23999144745066534,-1.8684282040710596,0,11,6,8,2,49.46337002201712,0.0,0.0,0.0,1.632024040399985,0.0,0.0,0.0,308.0006015140964,0.0,0.0,0.0,1499.2624816194725,0.0,0.0,0.0,0.0,0.0,0.0,0.0,0.0,0.0,0.0,0.3764184888099624,1,0,-1.112357125859895,0.5294307105232547,0.08205901810873972,-1.2915766460530878
2025-08-06 12:14:00,PUMP_004,0.281570384195937,0.5602538609302837,0.02881063893651081,-0.8638824911032219,1,12,6,8,2,56.75739214736754,0.0,0.0,0.0,2.232067330111652,0.0,0.0,0.0,304.2029908852637,0.0,0.0,0.0,1499.3973780461874,0.0,0.0,0.0,0.0,0.0,0.0,0.0,0.0,0.0,0.0,0.06181416253022176,1,3,-0.8320784145949908,0.07645467960793148,0.6197046599429774,-0.5833213069413554
2025-08-06 13:12:00,PUMP_001,-1.2249969672255712,0.22391000007202935,1.4319467524859841,1.6997620733171523,0,13,6,8,2,41.868911427056304,0.0,0.0,0.0,2.0084425292099475,0.0,0.0,0.0,309.0623455047733,0.0,0.0,0.0,1459.538554157993,0.0,0.0,0.0,0.0,0.0,0.0,0.0,0.0,0.0,0.0,0.11309672015611749,1,0,0.22931969136012606,0.15029272781045075,1.171895570279115,2.5317625448834478
2025-08-06 13:40:00,PUMP_004,0.24265668092621318,0.992066282941477,0.18788788389843528,-0.0472156669938512,0,13,6,8,2,51.08530442156383,0.0,0.0,0.0,2.293881492641874,0.0,0.0,0.0,311.15151799024585,0.0,0.0,0.0,1481.4495064610755,0.0,0.0,0.0,1.0,0.0,0.0,0.0,0.0,0.0,0.0,0.2212602343740473,1,3,-0.03374979765183285,0.3060295542542329,0.09800811060545944,0.5797823689972044
2025-08-06 14:29:00,PUMP_002,-0.12772477929871326,-0.3271270656642856,-0.699631545504083,0.15757941900326916,0,14,6,8,2,51.08530442156383,0.0,0.0,0.0,1.3184801707244391,0.0,0.0,0.0,303.2751052686972,0.0,0.0,0.0,1442.8795106918608,0.0,0.0,0.0,0.0,0.0,0.0,0.0,0.0,0.0,0.0,0.5207082612525793,1,1,-0.3064700024607712,0.7371831251058024,0.1873728055819989,1.9795375273534308
2025-08-06 15:07:00,PUMP_002,-0.40625438805405223,0.17303094644256303,-1.2703329645450165,-1.0233000936232823,0,15,6,8,2,49.01825075457511,0.0,0.0,0.0,1.8391884319770184,0.0,0.0,0.0,305.48994969870074,0.0,0.0,0.0,1503.7294315086233,0.0,0.0,0.0,0.0,0.0,0.0,0.0,0.0,0.0,0.0,0.2562804434096393,1,1,-0.2101843815530664,0.35645262210696804,-0.4200171269638164,-0.8373128932933193
2025-08-06 16:06:00,PUMP_003,0.281570384195937,0.22391000007202935,0.32645854419016546,0.13713885996452257,0,16,6,8,2,50.525019940368246,0.0,0.0,0.0,2.121539249366065,0.0,0.0,0.0,322.651972516237,0.0,0.0,0.0,1498.650646884875,0.0,0.0,0.0,0.0,0.0,0.0,0.0,0.0,0.0,0.0,0.0,1,2,0.0765918520673812,-0.012547065308942756,-0.8539767787221114,0.15110828339628346
2025-08-06 16:52:00,PUMP_004,-0.07152961543704975,-0.9290455185857351,0.7095949333348291,-0.0472156669938512,0,16,6,8,2,50.88877946790201,0.0,0.0,0.0,2.515141727015921,0.0,0.0,0.0,312.3878915902652,0.0,0.0,0.0,1499.2624816194725,0.0,0.0,0.0,0.0,0.0,0.0,0.0,0.0,0.0,0.0,-0.9843756821188454,1,3,-0.23643920311280633,-1.4298784627776264,0.35541682899990584,0.0004242504735020486
2025-08-06 17:32:00,PUMP_002,-0.5775652044468729,-0.19935481548505282,0.16040995073102718,0.9838413512623427,0,17,6,8,2,47.61159927052896,0.0,0.0,0.0,2.0954688753866577,0.0,0.0,0.0,301.0543676758622,0.0,0.0,0.0,1477.9723212618385,0.0,0.0,0.0,0.0,0.0,0.0,0.0,0.0,0.0,0.0,-0.1908100757683313,1,1,-0.13123677171666798,-0.28728070232618025,1.000685790108822,1.4243264548859929
2025-08-06 18:45:00,PUMP_001,0.13349695283299204,0.22391000007202935,-0.04247562647875409,0.5664894374959346,0,18,6,8,2,43.47672302096288,0.0,0.0,0.0,2.121539249366065,0.0,0.0,0.0,322.0569146008143,0.0,0.0,0.0,1537.3672143841095,0.0,0.0,0.0,0.0,0.0,0.0,0.0,0.0,0.0,0.0,0.0,1,0,0.9951928848577772,-0.012547065308942756,-1.0615133614426986,-0.8035397195087627
2025-08-06 19:32:00,PUMP_002,1.0471646602654034,-0.9793562437172674,-0.6854815010953528,-1.862709770781593,0,19,6,8,2,46.74643231327455,0.0,0.0,0.0,1.9046587996183264,0.0,0.0,0.0,312.17432873179723,0.0,0.0,0.0,1521.7516932672188,0.0,0.0,0.0,0.0,0.0,0.0,0.0,0.0,0.0,0.0,-0.39967191777145716,1,1,1.1912284026975963,-0.5880057728266866,-0.6153576995813509,-2.018970261048917
2025-08-06 20:24:00,PUMP_001,0.9884114920268409,-0.26891393018749105,-0.7725517652526069,0.33319716841128383,0,20,6,8,2,50.337492679375046,0.0,0.0,0.0,2.121539249366065,0.0,0.0,0.0,310.5974698193431,0.0,0.0,0.0,1512.6484959133431,0.0,0.0,0.0,0.0,0.0,0.0,0.0,0.0,0.0,0.0,-0.25252246752534147,1,0,0.6243960533868357,-0.3761359148623409,-0.533147492545262,-0.16507747690523555
2025-08-06 20:39:00,PUMP_002,-0.7108644508325459,-0.12210998299210175,0.8685543216781731,-0.0472156669938512,0,20,6,8,2,54.95176705518754,0.0,0.0,0.0,1.5049868818468692,0.0,0.0,0.0,305.599926090046,0.0,0.0,0.0,1459.66328349329,0.0,0.0,0.0,0.0,0.0,0.0,0.0,0.0,0.0,0.0,0.439252089323658,1,1,-1.2995731621053292,0.6199002705111388,1.0882038840836,1.2883683876783185
2025-08-06 21:00:00,PUMP_004,0.281570384195937,0.22391000007202935,-1.8367658185849467,1.257996221997958,0,21,6,8,2,49.30205185922413,0.0,0.0,0.0,1.5307660448970757,0.0,0.0,0.0,316.442681595093,0.0,0.0,0.0,1499.2624816194725,0.0,0.0,0.0,0.0,0.0,0.0,0.0,0.0,0.0,0.0,0.5907732044689893,1,3,0.2548987142866774,0.8380645727952925,-1.8224168486231371,0.9263650159818008
2025-08-06 22:29:00,PUMP_004,-0.5283207955147856,1.0500107910729346,1.8543347552056058,-2.5912454788147614,0,22,6,8,2,51.08530442156383,0.0,0.0,0.0,2.121539249366065,0.0,0.0,0.0,296.65196161781023,0.0,0.0,0.0,1527.731505055573,0.0,0.0,0.0,0.0,0.0,0.0,0.0,0.0,0.0,0.0,0.4232931831421656,1,3,-0.6014378648417499,0.5969221949540514,2.6051754399171156,-2.7302969735187825
2025-08-07 00:30:00,PUMP_004,0.45485164123004374,-0.19761231293233492,0.5922596007704162,-0.05201328947621333,0,0,7,8,3,46.9951301849832,0.0,0.0,0.0,2.5448324325082305,0.0,0.0,0.0,325.33978120849565,0.0,0.0,0.0,1443.7726067986016,0.0,0.0,0.0,0.0,0.0,0.0,0.0,0.0,0.0,0.0,-0.6392807764004682,1,3,0.718835229870522,-0.9330012502805185,-0.9107810547036446,1.8018011893669872
2025-08-07 01:02:00,PUMP_001,-0.874216939431306,0.16225457825996842,1.6716624253866366,1.039142691182796,0,1,7,8,3,54.65504732163927,0.0,0.0,0.0,1.8690167818407235,0.0,0.0,0.0,304.92320217534336,0.0,0.0,0.0,1507.5599711059556,0.0,0.0,0.0,0.0,0.0,0.0,0.0,0.0,0.0,0.0,0.22093029373601558,1,0,-1.3765919957537123,0.3055544965764806,1.7200870607762833,0.5012346884378103
2025-08-07 01:47:00,PUMP_002,-1.4881956435224721,-0.6020109483197059,-2.161010196182991,-0.16729672173827073,0,1,7,8,3,46.07323428743973,0.0,0.0,0.0,1.9442389711705272,0.0,0.0,0.0,317.678139194764,0.0,0.0,0.0,1499.2624816194725,0.0,0.0,0.0,0.0,0.0,0.0,0.0,0.0,0.0,0.0,-0.24590075378138332,1,1,-0.5774632136173193,-0.36660178783660974,-2.1654136475062242,-0.08476340732432659
2025-08-07 02:43:00,PUMP_004,-0.09096840328338354,0.08953912472010955,-1.8357643679884654,-0.7026714906462441,0,2,7,8,3,51.96042264850435,0.0,0.0,0.0,1.9055516561077623,0.0,0.0,0.0,315.5307327644048,0.0,0.0,0.0,1499.1578368272822,0.0,0.0,0.0,0.0,0.0,0.0,0.0,0.0,0.0,0.0,0.1471360969652178,1,3,-0.4069963449249588,0.19930356623136625,-1.7384168041797083,-0.46116436816910034
2025-08-07 03:39:00,PUMP_001,0.38326882956254044,1.350313742742593,-0.04247562647875409,-0.676992286513258,0,3,7,8,3,45.24825908449132,0.0,0.0,0.0,2.089947075576739,0.0,0.0,0.0,323.920022863446,0.0,0.0,0.0,1522.9579151500575,0.0,0.0,0.0,0.0,0.0,0.0,0.0,0.0,0.0,0.0,0.608760275953447,1,0,0.9208183099829631,0.8639628569834603,-1.2316728557232177,-1.2170327374419851
2025-08-07 05:13:00,PUMP_004,-0.5896312573355608,0.29579105989911125,1.8230491584210256,-0.9959837700303903,0,5,7,8,3,49.203880609516446,0.0,0.0,0.0,2.05268775307298,0.0,0.0,0.0,296.65974505081795,0.0,0.0,0.0,1484.9658089012196,0.0,0.0,0.0,0.0,0.0,0.0,0.0,0.0,0.0,0.0,0.10568327632923857,1,3,-0.37227344428896003,0.1396186458617895,2.582256839778486,-0.20765675062412486
2025-08-07 06:48:00,PUMP_004,-1.0496094762458608,-0.3588255156708291,0.46419293872112505,1.39017722521627,0,6,7,8,3,46.68549541224526,0.0,0.0,0.0,2.1583710294022187,0.0,0.0,0.0,325.0966245839604,0.0,0.0,0.0,1478.5681395064569,0.0,0.0,0.0,0.0,0.0,0.0,0.0,0.0,0.0,0.0,-0.33542485012621226,1,3,-0.3437890768142897,-0.49550106367652064,-0.9794800134413079,1.6932097339641463
2025-08-07 08:35:00,PUMP_001,1.6894695114253833,0.5419283883019422,1.975817737499428,-0.0472156669938512,0,8,7,8,3,51.598909670712686,0.0,0.0,0.0,2.698707351530186,0.0,0.0,0.0,310.5974698193431,0.0,0.0,0.0,1485.5259186201458,0.0,0.0,0.0,0.0,0.0,0.0,0.0,0.0,0.0,0.0,-0.4142158119375483,1,0,0.9566881966852139,-0.6089464748548924,1.4177519168484052,0.4471990999023273
2025-08-07 08:51:00,PUMP_001,-0.13488330942367335,-1.087429303936872,-1.034536689988121,-0.6857041118014038,0,8,7,8,3,58.195584027220335,0.0,0.0,0.0,2.2844915395926377,0.0,0.0,0.0,326.2839662312854,0.0,0.0,0.0,1499.2624816194725,0.0,0.0,0.0,0.0,0.0,0.0,0.0,0.0,0.0,0.0,-0.8348811810109802,1,0,-1.3484088022478626,-1.2146321355694811,-2.1517775793113336,-0.4525309243448744
2025-08-07 09:08:00,PUMP_004,-0.12889835529713886,-0.6200581506566434,-0.04247562647875409,1.1683689552599825,0,9,7,8,3,44.36247831129702,0.0,0.0,0.0,1.8229461792760064,0.0,0.0,0.0,314.53537833745173,0.0,0.0,0.0,1530.6146109406536,0.0,0.0,0.0,0.0,0.0,0.0,0.0,0.0,0.0,0.0,-0.1338553295292022,1,3,0.6728435573224266,-0.2052756797053216,-0.37456412051209437,-0.15693052158426707
2025-08-07 09:57:00,PUMP_002,0.17413249201342323,-0.2538302306862619,-2.098252847225858,-1.7321827245935042,0,9,7,8,3,42.14749698188412,0.0,0.0,0.0,1.698338217389144,0.0,0.0,0.0,294.1318828440492,0.0,0.0,0.0,1496.6432974160623,0.0,0.0,0.0,0.0,0.0,0.0,0.0,0.0,0.0,0.0,0.17840743633378575,1,1,1.2189128556754867,0.24432890760567585,0.029636507718567566,-1.1097339971166635
2025-08-07 10:16:00,PUMP_002,-1.2497361150565174,-1.917192110327731,-0.9285561814698878,-0.958955602155627,0,10,7,8,3,50.54271338014219,0.0,0.0,0.0,1.8767456537229297,0.0,0.0,0.0,294.6196429223456,0.0,0.0,0.0,1462.5103135949266,0.0,0.0,0.0,0.0,0.0,0.0,0.0,0.0,0.0,0.0,-0.8523048911473583,1,1,-1.0535232625173923,-1.2397192764703273,0.8153850241444239,0.5489654641265138
2025-08-07 11:00:00,PUMP_001,0.22650307932194397,0.22391000007202935,0.7741048862360113,-0.3880123103922329,0,11,7,8,3,48.98209819948819,0.0,0.0,0.0,1.4496103585816575,0.0,0.0,0.0,302.88701375239464,0.0,0.0,0.0,1485.335898010932,0.0,0.0,0.0,0.0,0.0,0.0,0.0,0.0,0.0,0.0,0.6719288907844074,1,0,0.2610001690802051,0.9549147798731168,1.2689329358132324,0.21161216318495443
2025-08-07 11:44:00,PUMP_001,-1.1112468998245721,-2.292343390945452,-0.7617664182565296,-0.8768095325324358,0,11,7,8,3,50.80719931643849,0.0,0.0,0.0,2.121539249366065,0.0,0.0,0.0,316.9440631894537,0.0,0.0,0.0,1491.829092673447,0.0,0.0,0.0,0.0,0.0,0.0,0.0,0.0,0.0,0.0,-1.289325611449379,1,0,-0.9901121786286947,-1.8689538253116629,-1.1051321952276116,-0.3463372814004002
2025-08-07 12:14:00,PUMP_001,0.8389053510436953,-0.24747903453960524,-0.6293663889396987,0.4739237317295636,0,12,7,8,3,44.0511922913395,0.0,0.0,0.0,0.832213637916686,0.0,0.0,0.0,305.00702760428004,0.0,0.0,0.0,1481.167544391536,0.0,0.0,0.0,0.0,0.0,0.0,0.0,0.0,0.0,0.0,1.0477863620833139,1,0,1.4308442294400563,1.4960847871395186,0.07907158689779695,0.9586586975059774
2025-08-07 12:49:00,PUMP_004,0.3989868363997609,0.6776874445815735,1.1115864104430817,-0.9142791968940389,0,12,7,8,3,49.01232387151516,0.0,0.0,0.0,1.6890908497468042,0.0,0.0,0.0,310.5974698193431,0.0,0.0,0.0,1525.776572849701,0.0,0.0,0.0,0.0,0.0,0.0,0.0,0.0,0.0,0.0,0.6649634885974915,1,3,0.38359698484344973,0.9448858006989634,0.8042869574077426,-1.4770437687455904
2025-08-07 13:26:00,PUMP_002,-1.2513099411421276,0.07179016005653809,0.791709780019368,-0.9854668485540736,0,13,7,8,3,43.35178348880346,0.0,0.0,0.0,1.0244407625755714,0.0,0.0,0.0,303.7107110881131,0.0,0.0,0.0,1479.375790576688,0.0,0.0,0.0,0.0,0.0,0.0,0.0,0.0,0.0,0.0,1.0191524395276437,1,1,-0.006255605726006228,1.4548568716108836,1.2062004922977478,-0.01838330406365311
2025-08-07 14:40:00,PUMP_004,0.8968138404903906,-0.38881605343319087,0.47761835825411136,-0.5160976843385995,0,14,7,8,3,51.67828994824449,0.0,0.0,0.0,2.354054338344296,0.0,0.0,0.0,319.5670231679458,0.0,0.0,0.0,1480.3502634873012,0.0,0.0,0.0,0.0,0.0,0.0,0.0,0.0,0.0,0.0,-0.5464752793178589,1,3,0.3614644648323528,-0.7993773226863888,-0.46492624021050283,0.28290136982584474
2025-08-07 15:03:00,PUMP_002,1.2213623927107633,0.24763547320076906,0.2945617822657004,-0.7791470717916438,0,15,7,8,3,43.34383523221111,0.0,0.0,0.0,2.043593202103215,0.0,0.0,0.0,317.0808912185668,0.0,0.0,0.0,1478.7975325165191,0.0,0.0,0.0,0.0,0.0,0.0,0.0,0.0,0.0,0.0,0.09010295493273635,1,1,1.815587526153156,0.11718566717383194,-0.36780605199572186,0.14679120716930058
2025-08-07 15:59:00,PUMP_001,0.23547028349174867,2.391946360827818,-0.5055223529961161,-0.7588857714612182,0,15,7,8,3,53.9,0.0,0.0,0.0,1.88,0.0,0.0,0.0,306.036061649522,0.0,0.0,0.0,1510.6294710568675,0.0,0.0,0.0,0.0,0.0,0.0,0.0,0.0,0.0,0.0,1.3524388179288418,1,0,-0.4494195830470683,1.9347318391028332,0.07299821051884493,-0.8741529616541921
2025-08-07 17:05:00,PUMP_004,0.5910899540232945,0.04962775211717572,-0.04247562647875409,-0.0472156669938512,0,17,7,8,3,54.19245387225821,0.0,0.0,0.0,1.807579059026437,0.0,0.0,0.0,314.6397228292346,0.0,0.0,0.0,1489.0353198435675,0.0,0.0,0.0,0.0,0.0,0.0,0.0,0.0,0.0,0.0,0.2246581483786232,1,3,-0.2302081402549131,0.3109219650401411,-0.3840940046894361,0.333057578238107
2025-08-07 17:24:00,PUMP_004,-0.07598276541591746,0.5137566218055254,-1.7694676343397622,-1.1211942015612923,0,17,7,8,3,52.64846377178365,0.0,0.0,0.0,2.03223720740506,0.0,0.0,0.0,310.5974698193431,0.0,0.0,0.0,1499.2624816194725,0.0,0.0,0.0,0.0,0.0,0.0,0.0,0.0,0.0,0.0,0.2378191484365031,1,3,-0.49627741833319555,0.3298715377926588,-1.2407970928882393,-0.761475418709712
2025-08-07 19:19:00,PUMP_004,0.6865141103285058,0.9142505056878516,0.42789829497225385,0.9918771827654447,0,19,7,8,3,49.27956222139192,0.0,0.0,0.0,2.270056355841563,0.0,0.0,0.0,297.1750137887848,0.0,0.0,0.0,1475.8370743516252,0.0,0.0,0.0,0.0,0.0,0.0,0.0,0.0,0.0,0.0,0.2052126481226586,1,3,0.5563468478769681,0.2829237946739856,1.5448645782276582,1.4994750572268092
2025-08-07 20:34:00,PUMP_002,-0.9693897118389537,-0.9827032350684037,0.6261317379832656,-0.0472156669938512,0,20,7,8,3,55.83151373618395,0.0,0.0,0.0,2.1336961570359514,0.0,0.0,0.0,313.21697806196016,0.0,0.0,0.0,1483.297738658924,0.0,0.0,0.0,0.0,0.0,0.0,0.0,0.0,0.0,0.0,-0.6304242700642901,1,1,-1.6181968408608374,-0.9202494069242032,0.22045013566829297,0.5196695400498412
2025-08-07 20:59:00,PUMP_002,1.0893418794875294,-1.178823396381609,0.5404983530931019,-1.6042228762206516,0,20,7,8,3,44.767610286877854,0.0,0.0,0.0,1.5032718869716613,0.0,0.0,0.0,315.79399239174006,0.0,0.0,0.0,1499.2624816194725,0.0,0.0,0.0,0.0,0.0,0.0,0.0,0.0,0.0,0.0,-0.10049176597451126,1,1,1.5107936414592251,-0.15723789594402351,-0.0756969981045406,-1.104144639354049
2025-08-07 21:58:00,PUMP_002,0.5943782144987136,0.4693410713846467,-0.26944498934385375,0.5196175934023938,0,21,7,8,3,55.16477366614306,0.0,0.0,0.0,1.40278012099715,0.0,0.0,0.0,315.1284361307938,0.0,0.0,0.0,1465.3013484858366,0.0,0.0,0.0,0.0,0.0,0.0,0.0,0.0,0.0,0.0,0.8445177531633994,1,1,-0.36954964812925406,1.203413008696301,-0.589840335447299,1.5071148398300693
2025-08-07 22:52:00,PUMP_004,0.23166414869554441,-0.20630475658564063,-0.6079611454022475,-0.11385106270591193,0,22,7,8,3,53.130382127539086,0.0,0.0,0.0,2.475269003964222,0.0,0.0,0.0,314.25329060476594,0.0,0.0,0.0,1521.9269692337648,0.0,0.0,0.0,0.0,0.0,0.0,0.0,0.0,0.0,0.0,-0.574171346912475,1,3,-0.34001302556663987,-0.8392548886414619,-0.7502043554953866,-0.7839992340894102
2025-08-07 23:21:00,PUMP_001,0.21786794379990812,-0.03119153399681296,1.5684499347465064,-1.1007979008303725,0,23,7,8,3,50.85248617520215,0.0,0.0,0.0,3.2324388179288417,0.0,0.0,0.0,306.9985971560751,0.0,0.0,0.0,1483.7396741322502,0.0,0.0,0.0,0.0,0.0,0.0,0.0,0.0,0.0,0.0,-1.241613328380895,1,0,-0.01805776102508453,-1.8002563573974653,1.457274979296505,-0.24213435742363615
2025-08-07 23:36:00,PUMP_001,-2.073653569107952,0.01794319719911259,-1.0887291569538904,0.5138027161513422,0,23,7,8,3,50.76358949609914,0.0,0.0,0.0,1.9908254895479467,0.0,0.0,0.0,323.1178390020757,0.0,0.0,0.0,1476.281954426972,0.0,0.0,0.0,0.0,0.0,0.0,0.0,0.0,0.0,0.0,0.025176584984937023,1,0,-1.692395624107761,0.023702879735800566,-1.901080009967169,1.1458509385747184
2025-08-08 00:20:00,PUMP_004,1.3525518262595435,0.6505178952992299,-0.04247562647875409,-0.5307943738623176,0,0,8,8,4,50.83326414281757,0.0,0.0,0.0,1.9010976570517468,0.0,0.0,0.0,306.20242660019755,0.0,0.0,0.0,1497.809043554588,0.0,0.0,0.0,0.0,0.0,0.0,0.0,0.0,0.0,0.0,0.4390350325959935,1,3,0.8202380610454626,0.619587746217072,0.3864924868330393,-0.2953628259098865
2025-08-08 00:59:00,PUMP_001,-0.3650421298433884,1.1437261357841697,0.8056881213909182,1.1282356045131738,0,0,8,8,4,39.190772691236845,0.0,0.0,0.0,2.0160020745328837,0.0,0.0,0.0,302.46582129653814,0.0,0.0,0.0,1511.4993035734778,0.0,0.0,0.0,0.0,0.0,0.0,0.0,0.0,0.0,0.0,0.5768500027986145,1,0,1.2529922938429676,0.8180175610301967,1.3298198603843252,0.4363139813299145
2025-08-08 01:27:00,PUMP_001,0.281570384195937,-1.2355655634372575,-0.7658389641782711,0.3088762963205433,0,1,8,8,4,47.8197325617506,0.0,0.0,0.0,2.5928520773314983,0.0,0.0,0.0,317.1895331066507,0.0,0.0,0.0,1524.9011921451454,0.0,0.0,0.0,0.0,0.0,0.0,0.0,0.0,0.0,0.0,-1.219146583514246,1,0,0.47101858431006377,-1.7679081152813263,-1.1304420533723225,-0.5808439646362021
2025-08-08 03:09:00,PUMP_002,0.281570384195937,1.4071093180461234,2.195672938057819,0.8414110296022677,0,3,8,8,4,52.66507039575569,0.0,0.0,0.0,2.2472978741605494,0.0,0.0,0.0,308.8334279016773,0.0,0.0,0.0,1511.6261365253797,0.0,0.0,0.0,0.0,0.0,0.0,0.0,0.0,0.0,0.0,0.4805114708800091,1,1,-0.23542420752930796,0.6793066719310558,1.7349253449528135,0.22871029595276365
2025-08-08 04:58:00,PUMP_001,1.1908514572714541,0.28173139324408564,-2.254205542807145,-1.4361635597665405,0,4,8,8,4,48.15510277445039,0.0,0.0,0.0,1.9770596090095405,0.0,0.0,0.0,330.4298452535125,0.0,0.0,0.0,1469.6885680287694,0.0,0.0,0.0,0.0,0.0,0.0,0.0,0.0,0.0,0.0,0.17410726187212666,1,0,1.0916462419372317,0.238137397199828,-3.3961930720033067,-0.02304357481071417
2025-08-08 05:34:00,PUMP_002,0.666181908507447,0.8538101722026403,0.8256255973712503,-1.204044763035384,0,5,8,8,4,51.08530442156383,0.0,0.0,0.0,2.7278093450405585,0.0,0.0,0.0,327.99271575019,0.0,0.0,0.0,1518.64503127651,0.0,0.0,0.0,0.0,0.0,0.0,0.0,0.0,0.0,0.0,-0.2835099048751215,1,1,0.27810135909225125,-0.4207524862392378,-0.9874239057387163,-1.450658840649166
2025-08-08 06:11:00,PUMP_002,0.5645643267001113,0.3767298400445196,-0.9574130323768518,-0.6192866311215924,0,6,8,8,4,53.02769889040202,0.0,0.0,0.0,2.444299440165437,0.0,0.0,0.0,317.3444903348765,0.0,0.0,0.0,1474.0299542999362,0.0,0.0,0.0,0.0,0.0,0.0,0.0,0.0,0.0,0.0,-0.24445546428911635,1,1,-0.07992007460551027,-0.36452081995713886,-1.2805811617438116,0.41526217592305864
2025-08-08 06:28:00,PUMP_004,0.640896382998415,-0.9695726208369257,-0.04247562647875409,0.9074814086232678,0,6,8,8,4,56.49405662423526,0.0,0.0,0.0,2.3401326896477403,0.0,0.0,0.0,310.5974698193431,0.0,0.0,0.0,1488.714758559984,0.0,0.0,0.0,0.0,0.0,0.0,0.0,0.0,0.0,0.0,-0.8301326896477403,1,3,-0.5291046812428177,-1.207795126059817,-0.0149110958307321,1.020762932858204
2025-08-08 08:14:00,PUMP_001,-1.1264740374459403,0.22391000007202935,0.6658184420976224,0.2674297360772032,0,8,8,8,4,55.67742508181385,0.0,0.0,0.0,2.151166870881667,0.0,0.0,0.0,293.4075538161085,0.0,0.0,0.0,1468.9670250393062,0.0,0.0,0.0,0.0,0.0,0.0,0.0,0.0,0.0,0.0,-0.029627621515602165,1,0,-1.7113956766474012,-0.05520573614891569,2.057835331409776,1.2089839439396874
2025-08-08 09:38:00,PUMP_002,1.53861670618705,0.2120588265364322,0.18484563676647683,-0.0472156669938512,0,9,8,8,4,52.51450202457068,0.0,0.0,0.0,2.1998439758763206,0.0,0.0,0.0,303.4864310620817,0.0,0.0,0.0,1486.784582956256,0.0,0.0,0.0,0.0,0.0,0.0,0.0,0.0,0.0,0.0,-0.08437725546132357,1,1,0.7121199264594638,-0.13403577695626226,0.7959084685601231,0.4062616711383359
2025-08-08 11:01:00,PUMP_004,0.281570384195937,-0.46033757427103517,-0.5796033127282213,-0.46497187326723755,0,11,8,8,4,52.9,0.0,0.0,0.0,1.51,0.0,0.0,0.0,310.5974698193431,0.0,0.0,0.0,1520.0861453091395,0.0,0.0,0.0,0.0,0.0,0.0,0.0,0.0,0.0,0.0,0.2609315063931328,1,3,-0.26967658191346583,0.3631493515344163,-0.39618518755085663,-0.9732187673200987
2025-08-08 11:52:00,PUMP_004,-0.34105598348662375,0.94347284427917,-0.4485768785231018,2.040709755995259,0,11,8,8,4,51.08530442156383,0.0,0.0,0.0,1.7709315063931328,0.0,0.0,0.0,306.4228281773076,0.0,0.0,0.0,1490.1504659174395,0.0,0.0,0.0,0.0,0.0,0.0,0.0,0.0,0.0,0.0,0.7193109933671531,1,3,-0.4635505692443592,1.0231368447701847,0.0780965557422334,1.7779998192277313
2025-08-08 12:36:00,PUMP_004,0.14696325382002787,0.7032068569110141,-1.3974726389333691,-0.036298060951312695,0,12,8,8,4,47.94086922840541,0.0,0.0,0.0,2.490242499760286,0.0,0.0,0.0,307.4411864232947,0.0,0.0,0.0,1544.8038977690155,0.0,0.0,0.0,0.0,0.0,0.0,0.0,0.0,0.0,0.0,-0.12311204117192354,1,3,0.35424278541994253,-0.18980719528679604,-0.6884741581143429,-1.473042413606431
2025-08-08 13:09:00,PUMP_002,-0.5932147877229593,-0.31222688379851615,-0.03495279537961326,1.2362354158736846,0,13,8,8,4,57.43373567899887,0.0,0.0,0.0,2.115466720414997,0.0,0.0,0.0,312.3642467626245,0.0,0.0,0.0,1499.2624816194725,0.0,0.0,0.0,0.0,0.0,0.0,0.0,0.0,0.0,0.0,-0.26864345080065233,1,1,-1.5748122692049817,-0.3993473535124548,-0.17093255911290162,0.9109275091289086
2025-08-08 14:08:00,PUMP_002,-1.3391932974543879,1.0210637521989312,0.9721491961228335,0.08008212531872765,0,14,8,8,4,46.66739759363242,0.0,0.0,0.0,1.8468232696143447,0.0,0.0,0.0,310.6559384568318,0.0,0.0,0.0,1527.2568626586065,0.0,0.0,0.0,0.0,0.0,0.0,0.0,0.0,0.0,0.0,0.6831767303856551,1,1,-0.5543775275450232,0.9711097311606428,0.6999690097933239,-0.8197716670861437
2025-08-08 14:50:00,PUMP_004,1.3602208491461987,0.3391193210058673,-0.8644188106741844,-0.7450524640327899,0,14,8,8,4,50.40550122020011,0.0,0.0,0.0,2.3671304585883624,0.0,0.0,0.0,300.06621794416145,0.0,0.0,0.0,1499.5006142820023,0.0,0.0,0.0,0.0,0.0,0.0,0.0,0.0,0.0,0.0,-0.18655807341492814,1,3,0.8882521103312614,-0.28115855145729945,0.36347121327455945,-0.5023788576513878
2025-08-08 16:18:00,PUMP_002,2.3149288300056217,0.2831429571331874,-0.04247562647875409,0.8095350055554813,0,16,8,8,4,42.9,0.0,0.0,0.0,2.53,0.0,0.0,0.0,318.4832950037633,0.0,0.0,0.0,1502.0390758746091,0.0,0.0,0.0,0.0,0.0,0.0,0.0,0.0,0.0,0.0,-0.3781098452547469,1,1,2.685515598385339,-0.5569601030406867,-0.7351311991274395,0.5179112301932307
2025-08-08 17:01:00,PUMP_002,1.7255374272006159,-1.8633730764880563,0.09976462350028079,1.1705478595465837,0,17,8,8,4,61.35432640517773,0.0,0.0,0.0,2.151890154745253,0.0,0.0,0.0,310.5974698193431,0.0,0.0,0.0,1517.9497577479042,0.0,0.0,0.0,0.0,0.0,0.0,0.0,0.0,0.0,0.0,-1.0998725753988974,1,1,-0.43907891663323684,-1.5961740917020963,0.08605655768101012,0.2565332556106401
2025-08-08 17:21:00,PUMP_004,-0.12633412206484868,0.4878855649022463,-0.8047449538224035,-1.3543246516918277,0,17,8,8,4,56.53278730882174,0.0,0.0,0.0,2.180572385173434,0.0,0.0,0.0,304.2091969152057,0.0,0.0,0.0,1484.041403496425,0.0,0.0,0.0,0.0,0.0,0.0,0.0,0.0,0.0,0.0,0.07622766811142423,1,3,-1.0996806432267516,0.0972076445367847,0.027447725270946022,-0.43180438657921
2025-08-08 18:46:00,PUMP_002,-0.09263269831410302,-0.280879138726864,-1.405108293664046,-0.07500311621999789,0,18,8,8,4,58.37773696772243,0.0,0.0,0.0,1.0520175793463555,0.0,0.0,0.0,311.702983621624,0.0,0.0,0.0,1525.82409867882,0.0,0.0,0.0,0.0,0.0,0.0,0.0,0.0,0.0,0.0,0.8108682421263789,1,1,-1.3438563445281164,1.1549635098224758,-1.0831283360412054,-0.8831919912324869
2025-08-08 19:31:00,PUMP_002,0.8715343700900681,0.8515963852294176,-1.0105574230301582,-0.0896557438635505,0,19,8,8,4,49.19547545975404,0.0,0.0,0.0,1.8628858214727344,0.0,0.0,0.0,300.00687242349863,0.0,0.0,0.0,1498.656387275772,0.0,0.0,0.0,0.0,0.0,0.0,0.0,0.0,0.0,0.0,0.5802792765580598,1,1,0.7048411494346761,0.8229551244605685,0.26515643501788677,-0.009970586848627422
2025-08-08 20:28:00,PUMP_002,0.3095064333815253,-0.4818690261408908,0.7994257715414619,0.18593427863672066,0,20,8,8,4,54.064785561828245,0.0,0.0,0.0,2.443165098030794,0.0,0.0,0.0,303.07338442169896,0.0,0.0,0.0,1498.3367870611992,0.0,0.0,0.0,0.0,0.0,0.0,0.0,0.0,0.0,0.0,-0.6832662851043034,1,1,-0.4189305807160504,-0.9963328051452099,1.2698852686196926,0.19593276411220345
